nct_id,title,status,start_date,completion_date,lead_sponsor,sponsor_class,conditions,phase,enrollment,intervention_names,intervention_descriptions,target_antigen
NCT05800366,A Phase II Study of Glofitamab Plus Polatuzumab-R-CHP for Patients With High-risk Diffuse Large B-cell Lymphoma,RECRUITING,2023-04-06,2029-09-15,"Jennifer Crombie, MD",OTHER,"Lymphoma; Lymphoma, Large B-Cell, Diffuse",PHASE2,41.0,Glofitamab; Polatuzumab; Rituximab; Doxorubicin Hydrochloride; Cyclophosphamide; Prednisone,"human IgG1-bispecific antibody, via IV infusion | an antibody drug conjugate (ADC) that contains a humanized IgG1 anti-human CD79b monoclonal antibody, via IV infusion | Per standard care, via IV infusion | Per standard care, via IV infusion | Per standard care, via IV infusion | Per standard care, orally",CD79b
NCT05378737,"Evaluate the Safety, Tolerability and Pharmacokinetic Characteristics of BAT8006 for Injection",COMPLETED,2022-07-06,2025-12-08,Bio-Thera Solutions,INDUSTRY,Advanced Solid Tumors,PHASE1,216.0,BAT8006 for Injection,"Intravenous infusion, once every 3 weeks (Q3W), the recommended infusion time of the first cycle is ≥90 minutes, if no infusion reaction occurs, the subsequent cycle can be completed within 30\~120 minutes.",Unknown/Not Specified
NCT07151586,Testing Two Different Drugs (Sacituzumab-govitecan and Trastuzumab-deruxtecan) Combinations Prescribed in an Alterning Pattern to Patients With Metastatic or Locally Advanced Triple-negative Breast Cancer,NOT_YET_RECRUITING,2025-10,2029-10,UNICANCER,OTHER,Triple Negative Breast Neoplasms; Neoplasm Metastasis; HER 2 Low-expressing Breast Cancer,PHASE2,260.0,Sacituzumab Govitecan / Trastuzumab Deruxtecan,"Sacituzumab govitecan is administered intravenously at a dose of 10 mg/kg on Day 1 and Day 8 of each 3-week cycle. In this study, patients receive two cycles of sacituzumab govitecan followed by two cycles of trastuzumab deruxtecan, alternating throughout the study.

Trastuzumab deruxtecan is administered intravenously at a dose of 5.4 mg/kg on Day 1 of each 3-week cycle. In this study, patients receive two cycles of trastuzumab deruxtecan followed by two cycles of sacituzumab govitecan, alternating throughout the study.

Both Treatment are continued until disease progression as defined by RECIST 1.1, unacceptable toxicity, withdrawal of consent, or the end of the study.",Unknown/Not Specified
NCT02064387,"Dose Escalation Study to Investigate the Safety, Pharmacokinetics, Pharmacodynamics, Immunogenicity and Clinical Activity of GSK2857916",COMPLETED,2014-07-29,2019-08-01,GlaxoSmithKline,INDUSTRY,Multiple Myeloma,PHASE1,79.0,GSK2857916,A clear or opalescent solution for IV infusion with unit dose strength of 20 mg/mililiter (mL) for multiple dose levels.,Unknown/Not Specified
NCT03288545,A Study of Enfortumab Vedotin Alone or With Other Therapies for Treatment of Urothelial Cancer,TERMINATED,2017-10-11,2026-02-20,"Astellas Pharma Global Development, Inc.",INDUSTRY,"Carcinoma, Transitional Cell; Urinary Bladder Neoplasms; Urologic Neoplasms; Renal Pelvis Neoplasms; Urothelial Cancer; Ureteral Neoplasms; Urethral Neoplasms",PHASE1; PHASE2,348.0,enfortumab vedotin (EV); pembrolizumab; cisplatin; carboplatin; gemcitabine,Intravenous (IV) infusion on days 1 and 8 every 21 days | IV infusion on day 1 every 21 days | IV infusion on day 1 every 21 days | IV infusion on day 1 every 21 days | IV infusion on days 1 and 8 every 21 days,Unknown/Not Specified
NCT06921837,A First-in-Human Study Using BDC-4182 as a Single Agent in Advanced Gastric and Gastroesophageal Cancer,RECRUITING,2025-05-26,2029-05,"Bolt Biotherapeutics, Inc.",INDUSTRY,Gastric Cancer Adenocarcinoma Metastatic; Gastroesophageal Adenocarcinoma,PHASE1; PHASE2,122.0,BDC-4182,"Immune stimulating antibody conjugate (ISAC), consisting of an anti-claudin 18.2 monoclonal antibody conjugated to a TLR 7/8 dual agonist",Claudin18.2
NCT06041516,"A First-in-Human Phase I Trial With Antibody Drug Conjugate ADCT-701 in Neuroendocrine Tumors, Carcinomas and Malignant Peripheral Nerve Sheath Tumors",RECRUITING,2024-06-17,2029-10-30,National Cancer Institute (NCI),NIH,"Neuroendocrine Carcinomas; Neuroendocrine Tumors; Carcinoma, Neuroendocrine; Carcinoma, Adrenocortical; Carcinoma, Adrenal Cortical",PHASE1,70.0,ADCT-701,"ADCT-701 in 2microgram/kg-255microgram/kg (weight based dosing), IV over 30 minutes (+15 minutes)",Unknown/Not Specified
NCT05271604,A Phase 2 Open Label Study of BA3021 in Patients With Recurrent or Metastatic Squamous Cell Carcinoma of the Head and Neck,COMPLETED,2022-12-13,2025-09-22,"BioAtla, Inc.",INDUSTRY,Head and Neck Cancer; Squamous Cell Carcinoma of Head and Neck; Recurrent Squamous Cell Carcinoma of the Head and Neck; Metastatic Cancer; Metastatic Squamous Cell Carcinoma of the Head and Neck,PHASE2,42.0,Ozuriftamab Vedotin; Pembrolizumab; Evalstotug (BA3071); Cetuximab,Conditionally active biologic anti-ROR2 antibody drug conjugate | PD-1 inhibitor | Conditionally active biologic anti-CTLA-4 checkpoint blockade antibody | Epidermal growth factor receptor (EGFR) antagonist,EGFR
NCT07381075,A Phase II Clinical Trial of Anti-EGFR Antibody-drug Conjugate (ADC) Combined With or Without Immune Checkpoint Inhibitors in the Neoadjuvant Treatment of Resectable Locally Advanced Head and Neck Squamous Cell Carcinoma,NOT_YET_RECRUITING,2026-02-01,2029-06-01,West China Hospital,OTHER,Head and Neck Squamous Cell Carcinoma,PHASE2,120.0,Becotatug Vedotin; Becotatug Vedotin Combined with Penpulimab; Becotatug Vedotin Combined with Ivonescimab,"Subjects receive 3 cycles of Becotatug Vedotin (2.3mg/kg, ivgtt, every 3 weeks, D1). | Subjects receive 3 cycles of Becotatug Vedotin (2.3mg/kg, ivgtt, every 3 weeks, D1) and 3 cycles of Penpulimab (200mg, ivgtt, every 3 weeks, D1). | Subjects received 3 cycles of Becotatug Vedotin (2.3mg/kg, ivgtt, every 3 weeks, D1) and 3 cycles of Ivonescimab (10mg/kg, ivgtt, every 3 weeks, D1).",EGFR
NCT05263869,A Study of MRG002 in Treatment of Advanced HER-2 Positive Breast Cancer Patients,UNKNOWN,2022-03-23,2023-10,Shanghai Miracogen Inc.,INDUSTRY,Breast Cancer With Liver Metastases,PHASE2,99.0,MRG002,Administrated intravenously,HER2
NCT02512237,"A Dose-escalation Study of ARX788, IV Administered in Subjects With Advanced Cancers With HER2 Expression",TERMINATED,2016-03,2017-01,"Zhejiang Medicine Co., Ltd.",INDUSTRY,Breast Neoplasms; Stomach Neoplasms,PHASE1,9.0,ARX788,"ARX788, an antibody drug conjugate",HER2
NCT07268053,"A Phase 0/1 Clinical Trial With an Expansion Phase of GSK5764227, a B7-H3-Targeted Antibody-Drug Conjugate (ADC), in Patients With Recurrent Grade 4 Glioma and Patients With Brain Metastases",RECRUITING,2026-02-11,2029-07,Nader Sanai,OTHER,Glioblastoma (GBM); Brain Metastasases,EARLY_PHASE1,15.0,Risvutatug rezetecan,Risvutatug rezetecan will be administered intravenously.,B7-H3
NCT06679582,Luveltamab Tazevibulin (STRO-002) in Infants and Children < 12 Years of Age With Relapsed/Refractory CBFA2T3::GLIS2 AML,TERMINATED,2024-12-04,2025-06-01,"Sutro Biopharma, Inc.",INDUSTRY,Acute Myeloid Leukemia (AML),PHASE1; PHASE2,24.0,Luveltamab tazevibulin,"Luveltamab tazevibulin is an antibody-drug conjugate (ADC) targeting folate receptor α (FRα or FOLR1). It consists of an IgG1 antibody (SP8166) conjugated to cathepsin cleavable 3-aminophenyl hemiasterlin payload, yielding a homogenous ADC with a drug antibody ratio of four. The active warhead (SC209) inhibits tubulin polymerization leading to mitotic arrest and cell death.

Other Names:

* STRO-002
* Luvelta",Folate Receptor
NCT03856541,A Study of SHR-A1403 in Patients With Advanced Solid Tumor,COMPLETED,2019-02-13,2020-05-07,"Jiangsu HengRui Medicine Co., Ltd.",INDUSTRY,Advanced Solid Tumor,PHASE1,9.0,SHR-A1403,"SHR-A1403 is a humanized anti C-Met immunoglobulin G2 (IgG2) monoclonal antibody conjugated with microtubule inhibitor. SHR-A1403 is provided as the lyophilized powder,40 mg/vial.SHR-A1403 was given intravenously per 3 weeks at the day 1.Intravenous infusion over 30 min",c-Met
NCT02780011,Alsertib (MLN8237) and Brentuximab Vedotin for Relapsed/Refractory CD30-Positive Lymphomas and Solid Malignancies,WITHDRAWN,2015-12,2018-09,"Eric Bernicker, MD",OTHER,CD30-positive Lymphoma; CD30-positive Solid Tumor,PHASE1,0.0,Brentuximab Vedotin; Alsertib,Antibody-drug conjugate composed of the anti-CD30 chimeric immunoglobulin G1 monoclonal antibody cAC10 and the antimicrotubule drug monomethyl auristatin E connected by a protease-cleavable linker. | Aurora A kinase inhibitor,CD30
NCT06328387,HCQ+ADC vs ADC in the Treatment of Advanced Breast Cancer,UNKNOWN,2024-01-29,2026-03-01,Sun Yat-Sen Memorial Hospital of Sun Yat-Sen University,OTHER,Advanced Breast Cancer; Metastatic Breast Cancer,PHASE1; PHASE2,120.0,Hydroxychloroquine; Sacituzumab Govitecan; Trastuzumab Deruxtecan,"The dosage of hydroxychloroquine is determined based on the dose escalation study, and the appropriate administration method will be determined based on this result. | Sacituzumab govitecan is a monoclonal antibody, called sacituzumab, linked to a chemotherapy drug, called govitecan. Sacituzumab is a form of targeted therapy because it attaches to specific molecules on the surface of cancer cells, known as Trop-2 receptors, and delivers govitecan to kill them. | Trastuzumab-deruxtecan is a human HER2-directed antibody-drug conjugate (ADC) composed of humanized anti-HER2 immunoglobulin G1 (IgG1) monoclonal antibody (mAb) with the same amino acid sequence as trastuzumab, covalently linked to the membrane-permeable topoisomerase I inhibitor payload, DXd, an exatecan derivative, via a stable tetrapeptide-based linker, selectively cleaved within tumor cells.",HER2; TROP2
NCT03575819,A Phase 1 Study of FOR46 in Patients With Metastatic Castration-Resistant Prostate Cancer (mCRPC),COMPLETED,2019-02-04,2023-11-22,"Fortis Therapeutics, Inc.",INDUSTRY,Prostate Cancer Metastatic,PHASE1,56.0,FOR46,FOR46 is an intravenously (IV) administered antibody-drug conjugate (ADC) directed against CD46,Unknown/Not Specified
NCT06827236,"A Clinical Study to Find the Optimal Dose of an Investigational Treatment Called BNT323 When Used in Combination With Another Investigational Treatment, BNT327, and to Test if That Combination Treatment is Safe and Beneficial for Patients With Advanced Breast Cancer",RECRUITING,2025-04-23,2029-08,BioNTech SE,INDUSTRY,Locally Advanced Breast Cancer; Unresectable Breast Carcinoma; Metastatic Breast Cancer,PHASE1; PHASE2,380.0,BNT323; BNT327,Intravenous infusion | Intravenous infusion,Unknown/Not Specified
NCT07061639,A Study of QLS5133 Monotherapy in Advanced Solid Tumors,NOT_YET_RECRUITING,2025-07,2028-04,"Qilu Pharmaceutical Co., Ltd.",INDUSTRY,Advanced Solid Tumors,PHASE1; PHASE2,212.0,QLS5133,antibody drug conjugate (ADC),Unknown/Not Specified
NCT07152782,T-DXd With or Without Neratinib for HER2 Positive Breast Cancer With Brain Metastasis,NOT_YET_RECRUITING,2025-11,2029-11,Fudan University,OTHER,Breast Cancer With Brain Metastasis; HER2-positive Breast Cancer,PHASE2,202.0,Neratinib; Trastuzumab Deruxtecan,"Neratinib, as an irreversible pan-HER tyrosine kinase inhibitor (TKI), holds a unique position in the treatment of HER2-positive breast cancer. From a molecular perspective, Neratinib irreversibly binds to the intracellular kinase domains of HER1 (EGFR), HER2, and HER4 through covalent bonds, comprehensively blocking signal transduction of the HER family. This mechanism of action is markedly different from reversible TKIs such as lapatinib. Neratinib's irreversible binding characteristic allows for a more sustained inhibition of target activity, maintaining anti-tumor effects even after drug plasma concentrations have decreased. This feature is particularly important for HER2-positive breast cancer, which requires continuous suppression of proliferative signals. | Trastuzumab deruxtecan (T-DXd) is an antibody-drug conjugate (ADC) composed of an anti-HER2 monoclonal antibody (trastuzumab), a cleavable linker, and a topoisomerase I inhibitor (an exatecan derivative). It targets and binds to HER2-positive tumor cells, internalizes, and releases cytotoxic drugs to induce DNA damage and apoptosis. It also has a ""bystander effect"" that can kill neighboring tumor cells with low HER2 expression, enhancing anti-tumor activity. T-DXd has shown significant efficacy in HER2-positive advanced breast cancer, with key clinical trials (such as DESTINY-Breast03) confirming that its progression-free survival (PFS) and overall survival (OS) are superior to traditional second-line treatments, with a median PFS reaching 28.8 months. Additionally, for HER2-low-expressing (IHC 1+ or 2+/ISH-) metastatic breast cancer (in the DESTINY-Breast04 study), T-DXd can extend PFS and OS, becoming the first targeted therapy to alter the survival outcomes of such patients",EGFR; HER2
NCT07360314,Anti-Ly6E Exatecan ADC M7437 in Advanced Solid Tumors,RECRUITING,2026-02-13,2029-03-28,"EMD Serono Research & Development Institute, Inc.",INDUSTRY,Advanced Solid Tumors,PHASE1,138.0,M7437; M7437,"Participants will receive M7437 as an intravenous infusion at a dose corresponding to their assigned cohort. Dose escalation will occur between cohorts, with 3-4 participants enrolled at each dose level before proceeding to the next higher dose. | Participants will receive M7437 at a dose that was determined as recommended dose for expansion (RDE) in Part 1.",Unknown/Not Specified
NCT05887609,An Evaluation of Maintenance Therapy Combination Mirvetuximab Soravtansine and Olaparib,RECRUITING,2023-10-03,2031-01-31,"University of Colorado, Denver",OTHER,Ovary Cancer; Peritoneal Cancer; Fallopian Tube Cancer,PHASE2,53.0,Mirvetuximab Soravtansine-gynx; Olaparib,"is an antibody-drug conjugate (ADC) that consists of a high affinity humanized monoclonal antibody against folate receptor α (FRα, the protein product of the folate receptor 1 \[FOLR1\] gene) that is conjugated to a cytotoxic maytansinoid by the hindered disulfide succinimidyl 4-(pyridine-2-yl)disulfanyl)-2-sulfo-butyrate linker (sulfo-SPDB). | Olaparib is an inhibitor of poly (ADP-ribose) polymerase (PARP) enzymes, including PARP1, PARP2, and PARP3. PARP enzymes are involved in normal cellular functions, such as DNA transcription and DNA repair.",Folate Receptor
NCT06431490,A Study of TQB2102 for Injection in the Treatment of HER2-positive Biliary Tract Cancer,RECRUITING,2024-07-22,2029-12,"Chia Tai Tianqing Pharmaceutical Group Nanjing Shunxin Pharmaceutical Co., Ltd.",INDUSTRY,Biliary Tract Cancer,PHASE1; PHASE2,102.0,TQB2102 for injection,TQB2102 for injection is a HER2 dual-antibody-drug Conjugate (ADC),HER2
NCT05564390,MYELOMATCH: A Screening Study to Assign People With Myeloid Cancer to a Treatment Study or Standard of Care Treatment Within myeloMATCH (MyeloMATCH Screening Trial),RECRUITING,2024-06-18,2029-05-15,National Cancer Institute (NCI),NIH,"Acute Myeloid Leukemia; Acute Myeloid Leukemia Arising From Previous Myelodysplastic/Myeloproliferative Neoplasm; Acute Myeloid Leukemia Post Cytotoxic Therapy; Acute Myeloid Leukemia, Myelodysplasia-Related; Myelodysplastic Syndrome",PHASE2,2000.0,Allogeneic Hematopoietic Stem Cell Transplantation; Azacitidine; Best Practice; Biopsy Procedure; Biospecimen Collection; Bone Marrow Aspiration; Bone Marrow Biopsy; Busulfan; Chest Radiography; Computed Tomography; Cytarabine; Daunorubicin Hydrochloride; Decitabine and Cedazuridine; Echocardiography Test; Emavusertib; Enasidenib; Epoetin Alfa; Fludarabine; Gemtuzumab Ozogamicin; Gilteritinib; Liposome-encapsulated Daunorubicin-Cytarabine; Luspatercept; Melphalan; Multigated Acquisition Scan; Mutation Carrier Screening; Olutasidenib; Placebo Administration; Positron Emission Tomography; Total-Body Irradiation; Venetoclax,"Given IV | Given IV or SC | Receive SOC treatment | Undergo biopsy | Undergo collection of blood, urine, and/or buccal swab samples | Undergo bone marrow aspiration | Undergo bone marrow biopsy | Given IV | Undergo chest x-ray | Undergo CT | Given | Given IV | Given PO | Undergo ECHO | Given PO | Given PO | Given SC | Given IV | Given IV | Given PO | Given IV | Given SC | Given IV | Undergo MUGA | Undergo rapid genetic testing | Given PO | Given PO | Undergo PET | Undergo total body irradiation | Given PO",Unknown/Not Specified
NCT05293496,A Study of MGC018 in Combination With MGD019 in Participants With Advanced Solid Tumors,COMPLETED,2022-04-19,2025-08-26,MacroGenics,INDUSTRY,Advanced Solid Tumor; Castration-Resistant Prostatic Cancer; Malignant Melanoma; Pancreatic Ductal Carcinoma; Hepatocellular Cancer; Epithelial Ovarian Cancer; Renal Cell Carcinoma,PHASE1,31.0,vobramitamab duocarmazine; lorigerlimab,Vobramitamab duocarmazine is an antibody drug conjugate (ADC) targeted against B7-H3. | Lorigerlimab is a bispecific DART® molecule that binds PD-1 and CTLA-4.,B7-H3
NCT07444814,"Study Evaluating the Safety and Efficacy of HWK-007, a PTK7-directed Antibody Drug Conjugate in Participants With Advanced Solid Tumors",RECRUITING,2025-12-19,2028-12,"Whitehawk Therapeutics, Inc.",INDUSTRY,Endometrial Cancer; Ovarian Cancer; Ovarian Cancer Metastatic; Ovarian Cancer Metastatic Recurrent; Non-squamous EGFR Wt NSCLC; Platinum Resistant Ovarian Cancer; PROC,PHASE1,226.0,HWK-007,HWK-007 is a PTK7- targeted ADC being developed for the treatment of solid tumors.,EGFR
NCT03364348,4-1BB Agonist Monoclonal Antibody PF-05082566 With Trastuzumab Emtansine or Trastuzumab in Treating Patients With Advanced HER2-Positive Breast Cancer,COMPLETED,2017-10-30,2022-02-14,George W. Sledge Jr.,OTHER,HER2 Positive Breast Carcinoma; Recurrent Breast Carcinoma; Stage III Breast Cancer; Stage IIIA Breast Cancer; Stage IIIB Breast Cancer; Stage IIIC Breast Cancer; Stage IV Breast Cancer,PHASE1,18.0,Utomilumab; Trastuzumab; Ado-Trastuzumab Emtansine,Given IV | Given IV | Given IV,HER2
NCT06595563,HER2 Molecular Imaging With 89Zr-trastuzumab PET/CT as a Predictive Biomarker for Antibody-drug Conjugate Sequencing in Patients With Advanced HER2-positive Breast Cancer,RECRUITING,2026-06-30,2029-09,Jules Bordet Institute,OTHER,HER2-positive Metastatic Breast Cancer; HER2-positive Advanced Breast Cancer,PHASE2,87.0,Trastuzumab emtansine,"T-DM1 will be administered IV at a dose of 3.6 mg/kg every 3 weeks. (21 days +/- 3 days) until disease progression, unacceptable toxicity or request of the subject to withdraw from the study. The total dose will depend on the subject's weight on day 1 of each T-DM1 cycle.",HER2
NCT07647263,Trastuzumab Rezetecan Neoadjuvant Therapy in THP-Insensitive HER2-Positive Early Breast Cancer,RECRUITING,2026-03-24,2031-12,The First Affiliated Hospital of Soochow University,OTHER,HER2-positive Breast Cancer,PHASE2,124.0,THP Regimen (Taxane + Trastuzumab + Pertuzumab); Trastuzumab Rezetecan (SHR-A1811),"Neoadjuvant combination therapy consisting of a taxane, trastuzumab, and pertuzumab. Administered as initial treatment to all patients, and continued for responders. | HER2-targeted antibody-drug conjugate (ADC). Administered to patients with inadequate response to initial THP therapy.",HER2
NCT04209855,"A Study of Mirvetuximab Soravtansine vs. Investigator's Choice (IC) of Chemotherapy in Platinum-Resistant, Advanced High-Grade Epithelial Ovarian, Primary Peritoneal, or Fallopian Tube Cancers With High Folate Receptor-Alpha (FRα) Expression",COMPLETED,2019-12-31,2024-10-29,AbbVie,INDUSTRY,Epithelial Ovarian Cancer; Peritoneal Cancer; Fallopian Tube Cancer,PHASE3,453.0,Mirvetuximab Soravtansine; Paclitaxel; Topotecan; Pegylated liposomal doxorubicin,Mirvetuximab Soravtansine will be administered per dose and schedule specified in the arm. | Paclitaxel will be administered per dose and schedule specified in the arm. | Topotecan will be administered per dose and schedule specified in the arm. | Pegylated liposomal doxorubicin will be administered per dose and schedule specified in the arm.,Folate Receptor
NCT00031187,"Study of SGN-15, Antibody-Drug Conjugate, to Treat Hormone Refractory Prostate Cancer",COMPLETED,2000-10,2003-07,Seagen Inc.,INDUSTRY,Prostatic Neoplasms,PHASE2,160.0,SGN-15 (cBR96-doxorubicin immunoconjugate); Taxotere (docetaxel), | ,Unknown/Not Specified
NCT06480240,A Phase 1/2 Study of OBI-992 in Subjects With Advanced Solid Tumors,ACTIVE_NOT_RECRUITING,2024-06-12,2027-06,"OBI Pharma, Inc",INDUSTRY,Advanced Solid Tumor,PHASE1; PHASE2,117.0,OBI-992,OBI-992 is an antibody-drug conjugate,Unknown/Not Specified
NCT07123454,A Phase I/II Study of AZD4512 Monotherapy or in Combination With Anticancer Agents in Participants With Relapsed/Refractory B-cell Non-Hodgkin Lymphoma,RECRUITING,2025-09-24,2028-03-01,AstraZeneca,INDUSTRY,B-cell Non-Hodgkin Lymphoma,PHASE1; PHASE2,91.0,AZD4512,AZD4512 is an antibody-drug conjugate targeting cluster of differentiation 22 (CD22) that will be administered via IV infusion,CD22
NCT07612137,"Study of IBI3005 Combination Therapy in Participants With Unresectable, Locally Advanced or Metastatic Solid Tumors",NOT_YET_RECRUITING,2026-06-01,2028-06-30,Innovent Biologics (Suzhou) Co. Ltd.,INDUSTRY,Solid Tumor,PHASE1; PHASE2,282.0,IBI3005; Sintilimab; Bevacizumab biosimilar; Limertinib; Osimertinib; Carboplatin,Bispecific Monoclonal Antibody-Camptothecin Derivative Conjugate for Injection (R \& D code: IBI3005) | Anti-PD-1 Monoclonal Antibody | Recombinant humanized anti-VEGF monoclonal antibody | Third-generation EGFR-TKI | Third-generation EGFR-TKI | Second-generation platinum-based chemotherapy drugs,EGFR
NCT04639986,Asian Study of Sacituzumab Govitecan (IMMU-132) in HR+/HER2- Metastatic Breast Cancer (MBC),ACTIVE_NOT_RECRUITING,2020-11-23,2026-12,Gilead Sciences,INDUSTRY,Metastatic Breast Cancer,PHASE3,331.0,Sacituzumab Govitecan-hziy; Eribulin Mesylate Injection; Capecitabine Oral Product; Gemcitabine Injection; Vinorelbine injection,"Sacituzumab govitecan 10 mg/kg via IV injection administered on Days 1 and 8 of a 21-day cycle. Subjects will continue to receive study treatment until PD as judged by local investigator review, development of unacceptable toxicity, or withdrawal of consent. | Eribulin is administered by intravenous (IV) following recommended doses and regimens as per approved package inserts. | Capecitabine is administered orally (PO) following recommended doses and regimens as per approved package inserts. | Gemcitabine is administered by intravenous (IV) following recommended doses and regimens as per approved package inserts. | Vinorelbine is administered by intravenous (IV) following recommended doses and regimens as per approved package inserts.",HER2
NCT06551051,ADC-induced Neurotoxicity Treated With Duloxetine,RECRUITING,2024-08-06,2025-12-30,Fudan University,OTHER,Solid Tumour,PHASE2,37.0,duloxetine,"Patients were treated with duloxetine at a recommended dose of 40mg/day, increasing to a maximum dose of 60mg/day after seven days of non-significant discomfort.",Unknown/Not Specified
NCT02363283,Glembatumumab Vedotin in Treating Patients With Metastatic or Locally Recurrent Uveal Melanoma,COMPLETED,2015-09-16,2018-07-02,National Cancer Institute (NCI),NIH,Recurrent Uveal Melanoma; Stage IV Uveal Melanoma AJCC v7,PHASE2,37.0,Glembatumumab Vedotin; Laboratory Biomarker Analysis; Pharmacological Study,Given IV | Correlative studies | Correlative studies,Unknown/Not Specified
NCT05141786,A Study of MRG002 in the Treatment of Patients With HER2-mutated Unresectable/Metastatic Non-small Cell Lung Cancer (NSCLC).,UNKNOWN,2021-12,2023-12,Shanghai Miracogen Inc.,INDUSTRY,Non-small- Cell Lung Cancer (NSCLC),PHASE2,100.0,MRG002,Administrated intravenously,HER2
NCT04240704,Safety and Preliminary Efficacy of JBH492 Monotherapy in Patients With CLL and NHL,TERMINATED,2020-09-07,2024-09-05,Novartis Pharmaceuticals,INDUSTRY,Non-Hodgkins Lymphoma; Chronic Lymphocytic Leukemia,PHASE1,25.0,JBH492,Anti-CCR7 antibody-drug conjugate (ADC),Unknown/Not Specified
NCT06549816,A Study of SGN-B6A in Chinese Participants With Advanced Solid Tumors,COMPLETED,2024-08-21,2025-11-18,"Seagen, a wholly owned subsidiary of Pfizer",INDUSTRY,"Carcinoma, Non-Small Cell Lung; Squamous Cell Carcinoma of Head and Neck; Esophageal Squamous Cell Carcinoma; Gastric Adenocarcinoma; Esophageal Adenocarcinoma; Gastroesophageal Junction Adenocarcinoma",PHASE1,6.0,sigvotatug vedotin,Sigvotatug vedotin is a antibody-drug conjugate (ADC) designed to deliver the cytotoxic agent monomethyl auristatin E (MMAE) to cells expressing integrin beta-6.,Unknown/Not Specified
NCT03859752,TR1801-ADC in Patients With Tumors That Express c-Met,SUSPENDED,2019-08-14,2023-12-31,"Open Innovation Partners, Inc.",INDUSTRY,"Unspecified Adult Solid Tumor, Protocol Specific",PHASE1,15.0,TR1801-ADC,Humanized anti-c-Met monoclonal antibody conjugated to a cleavable pyrrolobenzodiazepine toxin,c-Met
NCT05954143,Trial of BDC-1001 +/- Pertuzumab in Subjects With HER2-Positive Metastatic Breast Cancer,TERMINATED,2023-11-30,2024-09-25,"Bolt Biotherapeutics, Inc.",INDUSTRY,Metastatic Breast Cancer; HER2-positive Breast Cancer,PHASE2,11.0,BDC-1001; Pertuzumab,"BDC-1001 is an immune-stimulating antibody conjugate (ISAC) designed to be delivered systemically (intravenously) and act locally by targeting HER2-expressing tumors and related metastatic disease for destruction by the innate and adaptive immune systems. BDC-1001 consists of an investigational biosimilar of the humanized monoclonal antibody (mAb) trastuzumab that is chemically conjugated to a toll-like receptor (TLR)7/8 agonist (payload) with an intervening non-cleavable, cell membrane impermeable linker. | Pertuzumab is a monoclonal antibody that targets HER2 and prevents dimerization of HER2 with other members of the HER family (HER1, HER3, and HER4), thereby blocking ligand-activated downstream signaling.",HER2
NCT01816035,Trastuzumab Emtansine in Treating Patients With HER2-Positive Metastatic or Locally Advanced Breast Cancer That Cannot Be Removed by Surgery,COMPLETED,2014-06,2017-04,University of Washington,OTHER,HER2/Neu Positive; Recurrent Breast Carcinoma; Stage IIIB Breast Cancer; Stage IIIC Breast Cancer; Stage IV Breast Cancer,PHASE1,13.0,Laboratory Biomarker Analysis; Pharmacological Study; Trastuzumab Emtansine,Correlative studies | Correlative studies | Given IV,HER2
NCT03255070,"A Dose-escalation, Expansion Study of ARX788, in Advanced Solid Tumors Subjects With HER2 Expression (ACE-Pan Tumor 01)",COMPLETED,2018-03-20,2023-10-18,"Ambrx, Inc.",INDUSTRY,Breast Neoplasms; Gastric Neoplasm; Solid Tumors,PHASE1,106.0,ARX788,An antibody drug conjugate,HER2
NCT05965479,Developing ctDNA Guided Adjuvant Therapy for Gastrooesophageal Cancer,RECRUITING,2024-04-10,2028-04-30,University of Southampton,OTHER,Gastrooesophageal Cancer,PHASE2,25.0,Trastuzumab deruxtecan,"Trastuzumab deruxtecan is an antibody-drug conjugate that contains trastuzumab covalently linked to deruxtecan, a topoisomerase I inhibitor. It is given by intravenous infusion.",Unknown/Not Specified
NCT05633615,Testing Drug Treatments After CAR T-cell Therapy in Patients With Relapsed/Refractory Diffuse Large B-cell Lymphoma,RECRUITING,2023-06-12,2030-06-30,SWOG Cancer Research Network,NETWORK,Diffuse Large B-Cell Lymphoma; Grade 3b Follicular Lymphoma; Primary Mediastinal (Thymic) Large B-Cell Lymphoma; Recurrent Diffuse Large B-Cell Lymphoma; Refractory Diffuse Large B-Cell Lymphoma; Transformed Follic Lymph to Diff Large B-Cell Lymphoma; Transformed Marg Zone Lymph to Diff Large B-Cell Lymphoma,PHASE2,396.0,Axicabtagene Ciloleucel; Biospecimen Collection; Computed Tomography; Cyclophosphamide; Fludarabine; Lisocabtagene Maraleucel; Mosunetuzumab; Patient Observation; Polatuzumab Vedotin; Positron Emission Tomography; Tisagenlecleucel,Given IV | Undergo collection of blood and tissue samples | Undergo PET-CT or CT | Given IV | Given IV | Given IV | Given IV | Undergo observation | Given IV | Undergo PET-CT | Given IV,Unknown/Not Specified
NCT01841021,Pilot Study of Brentuximab Vedotin in Relapsed/Refractory Peripheral T-Cell Lymphoma Expressing CD30,TERMINATED,2014-04,2016-06,H. Lee Moffitt Cancer Center and Research Institute,OTHER,Peripheral T-Cell Lymphoma,NOT_APPLICABLE,1.0,Brentuximab vedotin,Brentuximab vedotin will be given by intravenous infusion (into a vein) on Day 1 of every 21 day cycle.,CD30
NCT07446452,Disitamab Vedotin Plus Bevacizumab in HER2-Low Metastatic Breast Cancer After T-DXd Failure: A Phase II Study,RECRUITING,2024-01-01,2027-01-01,The First Affiliated Hospital with Nanjing Medical University,OTHER,HER2-low Breast Cancer,PHASE2,37.0,Disitamab Vedotin (RC48); Bevacizumab,A HER2-targeted antibody-drug conjugate comprising a humanized anti-HER2 monoclonal antibody linked via a cathepsin-cleavable MC-VC-PAB linker to the microtubule inhibitor MMAE (drug-to-antibody ratio ≈4). Administered intravenously at 2.0 mg/kg every 2 weeks. | A recombinant humanized monoclonal antibody that binds vascular endothelial growth factor (VEGF) to inhibit tumor angiogenesis. Administered intravenously at 5 mg/kg every 2 weeks in combination with RC48.,HER2
NCT02988817,Enapotamab Vedotin (HuMax-AXL-ADC) Safety Study in Patients With Solid Tumors,COMPLETED,2016-11-23,2021-11-12,Genmab,INDUSTRY,Ovarian Cancer; Cervical Cancer; Endometrial Cancer; Non Small Cell Lung Cancer (NSCLC); Thyroid Cancer; Melanoma; Sarcoma; Solid Tumors,PHASE1; PHASE2,306.0,Enapotamab vedotin (HuMax-AXL-ADC),Enapotamab vedotin (HuMax-AXL-ADC) will be administered intravenously.,Unknown/Not Specified
NCT01925612,Study of Brentuximab Vedotin Combined With RCHOP or RCHP in Front-line Treatment of Patients With Diffuse Large B-cell Lymphoma (DLBCL),TERMINATED,2013-08,2017-05-01,Seagen Inc.,INDUSTRY,"Lymphoma, B-cell; Lymphoma, Large B-cell, Diffuse",PHASE2,87.0,brentuximab vedotin; brentuximab vedotin; rituximab; vincristine; cyclophosphamide; prednisone; doxorubicin,"1.2 mg/kg by IV infusion every 3 weeks for up to 6 cycles | 1.8 mg/kg by IV infusion every 3 weeks for up to 6 cycles | 375 mg/m2 every 3 weeks by IV infusion for up to 6 cycles | 1.4 mg/m2 every 3 weeks by IV infusion for up to 6 cycles (dose capped at 2 mg total) | 750 mg/m2 every 3 weeks by IV infusion for up to 6 cycles | 100 mg on Days 1 to 5 of each 3-week cycle, orally for up to 6 cycles | 50 mg/m2 every 3 weeks by IV infusion for up to 6 cycles",Unknown/Not Specified
NCT07367516,Clinical Trial Evaluating TQB6411 Injection in Participant s With Esophageal Cancer,RECRUITING,2026-02-12,2027-03,"Chia Tai Tianqing Pharmaceutical Group Co., Ltd.",INDUSTRY,Esophageal Cancer,PHASE1; PHASE2,105.0,TQB6411 Injection,TQB6411 Injection is an antibody-drug conjugate (ADC) targeting Epidermal Growth Factor Receptor (EGFR)/c-Met.,EGFR; c-Met
NCT00649584,A Phase I Dose Escalation Study of SGN-35 Alone and in Combination With Gemcitabine for CD30-Positive Malignancies,TERMINATED,2008-03,2010-02,Seagen Inc.,INDUSTRY,"Disease, Hodgkin; Lymphoma, Large-Cell, Anaplastic; Lymphoma, Non-Hodgkin",PHASE1,44.0,SGN-35; gemcitabine,IV; 0.4 up to 1.8 mg/kg weekly 3 out of 4 weeks; minimum of two 28-day cycles | IV; 1000 mg/m2 weekly 3 out of 4 weeks,CD30
NCT06953089,DB-1311 in Combination With BNT327 or DB-1305 in Advanced/Metastatic Solid Tumors,RECRUITING,2025-07-18,2030-06-30,DualityBio Inc.,INDUSTRY,Solid Tumors,PHASE2,450.0,DB-1311/BNT324; BNT327; DB-1305/BNT325,Administered I.V. | Administered I.V. | Administered I.V.,Unknown/Not Specified
NCT04251416,A Study of Sacituzumab Govitecan (IMMU-132) in Endometrial Carcinoma,ACTIVE_NOT_RECRUITING,2020-03-17,2027-02,Yale University,OTHER,Endometrial Carcinoma,PHASE2,50.0,Sacituzumab Govitecan,Sacituzumab govitecan will be administered at 10 mg/kg weekly as an infusion for 2 consecutive weeks (2 weekly doses plus 1 week without treatment represents a single 3 week cycle). Treatment can be continued without a rest period in the absence of progression of disease or unacceptable toxicity.,Unknown/Not Specified
NCT05060276,Study to Assess an Anti-Trop2 Antibody Drug Conjugate in Relapsed or Refractory Solid Tumors,WITHDRAWN,2022-12,2024-12,"Sorrento Therapeutics, Inc.",INDUSTRY,"Relapsed Solid Neoplasm; Refractory Cancer; Solid Tumor, Adult",PHASE1,0.0,STI-3258,Intravenous infusion of STI-3258 will be given (one infusion every three weeks).,TROP2
NCT06545617,A Clinical Study to Observe How Well That BAT8006 Works on Patients With Platinum Resistance Ovarian Cancer,WITHDRAWN,2025-01-31,2028-01-31,Bio-Thera Solutions,INDUSTRY,Platinum-resistant Epithelial Ovarian Cancer; Fallopian Tube Cancer; Primary Peritoneal Cancer,PHASE1; PHASE2,0.0,BAT8006 for Injection,"Intravenous infusion: once every three weeks.The infusion time in the first cycle is recommended to be ≥ 90 minutes. If no infusion reaction occurs, the subsequent cycle can be completed within 30\~60 minutes.",Unknown/Not Specified
NCT06874335,A Phase 1 Study of BHV-1530 in Advanced Solid Tumors,RECRUITING,2025-03-20,2029-03,Biohaven Therapeutics Ltd.,INDUSTRY,Solid Tumor,PHASE1,95.0,BHV-1530,BHV-1530 will be administered as an IV infusion on Day 1 of each 21-day cycle,Unknown/Not Specified
NCT07051850,Quality of Life and Treatment Outcomes in RRMM Patients Receiving Advanced vs. Conventional Immunotherapies,RECRUITING,2025-07-14,2025-12-31,Sung-Soo Park,OTHER,"Multiple Myeloma, Relapsed; Multiple Myeloma (MM)",NOT_APPLICABLE,174.0,Bispecific antibody; Antibody-Drug Conjugate; Monoclonal antibody; Proteasome Inhibitor; IMiD treatment; CAR-T Therapy,"It uses a dual targeting mechanism to enhance specificity and immune activation. It is an off-the-shelf treatment, and doesn't require a manufacturing process of patient cells. | It is a targeted therapy consisting of a monoclonal antibody linked to a cytotoxic drug. The antibody binds to a specific antigen on cancer cells, delivering the cytotoxic agent directly to the tumor, minimizing systemic toxicity. | Monoclonal antibodies are lab-engineered antibodies that target specific antigens expressed on cancer cells. These commonly target CD20 (rituximab or obinutuzumab) to mediate immune destruction. | It blocks the activity of proteasomes, which role is degrading damaged proteins. This disruption induces apoptosis in cancer cells. Common agents include bortezomib and carfilzomib. | Immune modulatory drugs modulate the immune response by enhancing T-cell and NK cell activty to disrupt tumor progression. Common drugs include lenalidomide and thalidomide. | It uses the patient's own T cells, and requires a manufacturing process to modify and expand T cells before infusion. It directly targets B cell specific antigens, such as CD19 or CD20.",CD19; CD20
NCT05323045,A First-in-human Dose-escalation and Expansion Study With the Antibody-drug Conjugate BYON3521,COMPLETED,2022-03-21,2024-09-25,Byondis B.V.,INDUSTRY,Solid Tumor,PHASE1,31.0,BYON3521,BYON3521 (in the vein) infusion every three weeks. Number of cycles: until cancer progression or unacceptable toxicity develops. Different doses.,Unknown/Not Specified
NCT02952729,Study of Antibody Drug Conjugate in Patients With Advanced Breast Cancer Expressing HER2,COMPLETED,2016-11-21,2019-01-28,Mersana Therapeutics,INDUSTRY,Advanced Breast Cancer; Advanced Nonsmall Cell Lung Cancer; Advanced Gastric Cancer,PHASE1,120.0,XMT-1522,one intravenous dose administered in-clinic every 21 days,HER2
NCT05735496,Clinical Trial of the TQB2102 Injection in Patients With Advanced Cancers,ACTIVE_NOT_RECRUITING,2023-03-09,2027-07,"Chia Tai Tianqing Pharmaceutical Group Nanjing Shunxin Pharmaceutical Co., Ltd.",INDUSTRY,Advanced Cancer,PHASE1,219.0,TQB2102 injection,"TQB2102 is an antibody-drug conjugate comprised of a humanised antibody against HER2, a enzyme-cleavable linker, and a topoisomerase I inhibitor payload.",HER2
NCT06758401,This is a Study to Learn About How the Combination of the Study Medicines Sigvotatug Vedotin Plus Pembrolizumab Works in People With Non-small Cell Lung Cancer With High Levels of PD-L1.,RECRUITING,2025-07-23,2029-03-01,Pfizer,INDUSTRY,"Non-Small Cell Lung Cancer; Carcinoma, Non-Small-Cell Lung; Carcinoma, Non-Small-Cell Lung (NSCLC)",PHASE3,714.0,Sigvotatug Vedotin; Pembrolizumab,MMAE-Antibody Drug Conjugate targeting Integrin Beta-6 | Anti-PD-(L)1,Unknown/Not Specified
NCT07589699,Trastuzumab Rezetecan (T-DXh) in HER2+ Breast Cancer With Non-pCR After TCbHP,NOT_YET_RECRUITING,2026-05-31,2031-12-31,The First Affiliated Hospital with Nanjing Medical University,OTHER,Breast Cancer; HER2-positive Breast Cancer; Early-stage Breast Cancer; Locally Advanced Breast Cancer,PHASE4,59.0,Trastuzumab Rezetecan,An anti-HER2 antibody-drug conjugate (ADC) consisting of a humanized HER2-targeting monoclonal antibody (trastuzumab) conjugated to a DNA topoisomerase I inhibitor (SHR169265) via a cleavable tetrapeptide linker.,HER2
NCT06676917,Datopotamab Deruxtecan (Dato-DXd) for Non-Small Cell Lung Cancer (NSCLC) Patients With Active Brain Metastases,WITHDRAWN,2025-06,2027-08,MedSIR,OTHER,Non-small Cell Lung Cancer,PHASE2,0.0,Datopotamab deruxtecan,"Trophoblast cell surface antigen 2 (TROP2)-directed antibody drug conjugate (ADC) consisting of a humanized anti-TROP2 monoclonal antibody (MAAP-9001a), a GGFG tetra-peptide linker, and a Topo I inhibitor (MAAA-1181a, derived from exatecan). Upon binding to TROP2 on the cell surface, Dato-DXd internalizes into the cells and releases MAAA-1181a in the cytoplasm which inhibits cell replication and promotes cell apoptosis.",TROP2
NCT07514975,First-In-Human Study of KHN922 for Injection,NOT_YET_RECRUITING,2026-04,2029-04,"Chengdu Kanghong Biotech Co., Ltd.",INDUSTRY,Advanced Solid Tumors Cancer,PHASE1; PHASE2,276.0,KHN922 for injection,KHN922 for injection is a dual-payload Antibody Drug Conjugate (ADC) targeting HER3 antigens，intravenous (IV) administration every three weeks (D1) .,Unknown/Not Specified
NCT02980341,Phase I/II Study of U3-1402 in Subjects With Human Epidermal Growth Factor Receptor 3 (HER3) Positive Metastatic Breast Cancer,COMPLETED,2016-11-28,2023-09-07,"Daiichi Sankyo Co., Ltd.",INDUSTRY,Metastatic Breast Cancer,PHASE1; PHASE2,182.0,Patritumab Deruxtecan,"U3-1402 consists of an antibody component (patritumab, U3-1287) covalently conjugated to a drug-linker (MAAA-1162a) containing a drug component (MAAA-1181a)",Unknown/Not Specified
NCT04965766,Patritumab Deruxtecan (U3-1402) in Unresectable Locally Advanced or Metastatic Breast Cancer,RECRUITING,2021-05-11,2030-04-11,"Gustave Roussy, Cancer Campus, Grand Paris",OTHER,Metastatic Breast Cancer; Advanced Breast Cancer,PHASE2,139.0,U3-1402,"U3-1402 is uniquely designed to target HER3-a receptor that contributes to treatment resistance and poor prognosis in hormone receptor-positive, HER2-negative (HR+/HER2-) breast cancer patients. This drug is distinct from other interventions due to its composition as an antibody-drug conjugate (ADC): a monoclonal antibody against HER3 conjugated to a topoisomerase I inhibitor, which specifically targets HER3-overexpressing tumor cells. The drug is delivered via a cleavable linker that allows for controlled release of the chemotherapeutic agent within the cancer cells, minimizing systemic side effects.",HER2
NCT04042701,DS8201a and Pembrolizumab in Participants With Locally Advanced/Metastatic Breast or Non-Small Cell Lung Cancer,ACTIVE_NOT_RECRUITING,2020-02-10,2027-03-31,Daiichi Sankyo,INDUSTRY,Breast Cancer; Non-small Cell Lung Carcinoma,PHASE1,115.0,Trastuzumab deruxtecan (DS-8201a); Trastuzumab deruxtecan (DS-8201a); Pembrolizumab,"Part 1: Two dose levels of DS-8201a (3.2 mg/kg Q3W and 5.4 mg/kg Q3W via intravenous (IV) infusion will be administered for the dose escalation part of the study in combination with pembrolizumab.

Part 2: Once Part 1 of the study is complete and a RDE for DS-8201a has been established, Part 2 will begin. All participants will receive DS-8201a at the RDE in combination with pembrolizumab. | Part 1: Two dose levels of DS-8201a (3.2 mg/kg Q3W and 5.4 mg/kg Q3W via intravenous (IV) infusion will be administered for the dose escalation part of the study in combination with pembrolizumab.

Part 2: Once Part 1 of the study is complete and a RDE for DS-8201a has been established, Part 2 will begin. | All participants will receive pembrolizumab (200 mg Q3W) via intravenous (IV) infusion prior to DS-8201a in Parts 1 and 2 of the study.",Unknown/Not Specified
NCT05327530,A Study of the Safety and Efficacy of Various Combinations of Avelumab as Therapy in Locally Advanced or Metastatic Urothelial Carcinoma (JAVELIN Bladder Medley),ACTIVE_NOT_RECRUITING,2022-08-17,2026-06-25,"EMD Serono Research & Development Institute, Inc.",INDUSTRY,Locally Advanced or Metastatic Urothelial Carcinoma,PHASE2,256.0,Avelumab; Sacituzumab Govitecan; M6223; NKTR-255,"Participants will receive avelumab intravenous infusion at a dose of 800 milligrams (mg) once every 2 weeks (Q2W) until unacceptable toxicity, withdraw consent or initiation of a new treatment. | Participants will receive sacituzumab govitecan intravenous infusion at dose of 10 milligrams per kilogram (mg/kg) of body weight once a week (Q1W) on Day 1 and 8 of 21-day treatment cycles, in combination with avelumab 800 mg Q2W, until unacceptable toxicity, withdraw consent or initiation of a new treatment. | Participants will receive M6223 (anti-T cell-immuno-receptor with Ig and ITM domains \[anti-TIGIT\]) intravenous infusion at dose of 1600 mg Q2W in combination with avelumab 800 mg Q2W, until unacceptable toxicity, withdraw consent or initiation of a new treatment. | Participants will receive NKTR-255 intravenous infusion at a dose of 3 micrograms per kilogram body weight (mcg/kg) once every 4 weeks (Q4W) in combination with avelumab 800 mg Q2W, until unacceptable toxicity, withdraw consent or initiation of a new treatment.",Unknown/Not Specified
NCT01421667,A Study of Brentuximab Vedotin in Relapsed or Refractory Non-Hodgkin Lymphoma,COMPLETED,2011-08,2015-06,Seagen Inc.,INDUSTRY,"Lymphoma, B-Cell; Lymphoma, Large B-Cell, Diffuse; Lymphoma, Non-Hodgkin; Lymphoma, T-Cell",PHASE2,176.0,brentuximab vedotin; rituximab,1.8 mg/kg every 3 weeks by IV infusion | 375 mg/m2 every 3 weeks by IV infusion,Unknown/Not Specified
NCT07512583,Clinical Studies of TQB2930 Injection for the Treatment of Advanced Solid Tumors,RECRUITING,2026-05-27,2028-12,"Chia Tai Tianqing Pharmaceutical Group Nanjing Shunxin Pharmaceutical Co., Ltd.",INDUSTRY,Advanced Solid Tumor,PHASE1; PHASE2,178.0,TQB2930 injection+TQB2102 for injection,"TQB2930 Injection is a Human Epidermal Growth Factor Receptor 2 (HER2) bispecific antibody.

TQB2102 for injection is a HER2 - targeted dual epitope Antibody-Drug Conjugate (ADC).",HER2
NCT07597629,A Clinical Study of SYS6023 Combination Therapy for Advanced Breast Cancer,RECRUITING,2026-05-25,2029-05-30,"CSPC Megalith Biopharmaceutical Co.,Ltd.",INDUSTRY,Advanced Breast Cancer,PHASE2,36.0,SYS6023; KN026,"SYS6023 is a novel antibody-drug conjugate (ADC) targeting HER3, administered via intravenous infusion. | KN026 is an antibody targeting HER2, administered via intravenous infusion.",HER2
NCT04965519,A Study of RC48-ADC for the Treatment of HER2-expressing Gynecological Malignancies,UNKNOWN,2021-12-21,2025-06,"RemeGen Co., Ltd.",INDUSTRY,Gynecological Malignancy,PHASE2,120.0,RC48-ADC,2.0mg/kg IV every 2 weeks,HER2
NCT07612189,"A Study of NEOK002, an EGFR and MUC1 Targeting Bispecific ADC, in Participants With Select Solid Tumors",RECRUITING,2026-04-22,2029-02,"NEOK Bio, Inc.",INDUSTRY,Locally Advanced (Unresectable) or Metastatic Solid Tumors,PHASE1,155.0,NEOK002; NEOK002 RDE,Escalating doses of NEOK002 | Recommended NEOK002 dose(s) for Expansion,EGFR
NCT06048718,T-DXd Therapy for HER2-low Breast Cancer Patients With Brain Metastases,ACTIVE_NOT_RECRUITING,2024-06-05,2026-11,MedSIR,OTHER,Breast Cancer; Metastatic Breast Cancer,PHASE2,28.0,Trastuzumab-Deruxtecan (T-DXd),"Trastuzumab-deruxtecan is a human HER2-directed antibody-drug conjugate (ADC) composed of humanized anti-HER2 immunoglobulin G1 (IgG1) monoclonal antibody (mAb) with the same amino acid sequence as trastuzumab, covalently linked to the membrane-permeable topoisomerase I inhibitor payload, DXd, an exatecan derivative, via a stable tetrapeptide-based linker, selectively cleaved within tumor cells.",HER2
NCT07674615,IMMU-132 in TROP-2 Overexpressed Advanced and Relapsed Ovarian Cancer,NOT_YET_RECRUITING,2026-07-01,2027-06-30,Shanghai Gynecologic Oncology Group,OTHER_GOV,Epithelial Ovarian Cancer; Fallopian Tube Cancers; Primary; Primary Peritoneal Carcinoma,PHASE1,19.0,Sacituzumab govitecan monotherapy,Sacituzumab govitecan monotherapy at a dose of 10 mg/kg administered intravenously on Days 1 and 8 of each 21-day cycle.,TROP2
NCT02462525,"Dose-Escalation Study of ABBV-838, an Antibody Drug Conjugate, in Subjects With Relapsed and Refractory Multiple Myeloma",TERMINATED,2015-05-06,2017-12-06,AbbVie,INDUSTRY,Multiple Myeloma,PHASE1,74.0,ABBV-838; Pomalidomide; Dexamethasone,Varying doses of ABBV-838 | Administered orally per the label. | Administered orally per the label.,Unknown/Not Specified
NCT01026415,Clinical Pharmacology Study of Brentuximab Vedotin (SGN-35),COMPLETED,2009-12,2012-05,Seagen Inc.,INDUSTRY,"Carcinomas; Disease, Hodgkin; Lymphoma, Large-Cell, Anaplastic; Lymphoma, Non-Hodgkin; Neoplasms",PHASE1,73.0,brentuximab vedotin; rifampin; midazolam; ketoconazole; brentuximab vedotin,1.8 mg/kg IV every 21 days | 600 mg/day PO | 1 mg IV | 400 mg/day PO | 1.2 mg/kg IV every 21 days,Unknown/Not Specified
NCT03489525,MEDI2228 in Subjects With Relapsed/Refractory Multiple Myeloma,COMPLETED,2018-05-08,2022-03-21,MedImmune LLC,INDUSTRY,Relapsed/Refractory Multiple Myeloma,PHASE1,107.0,"Dose Escalation, MEDI2228, ADC (antibody drug conjugate); Dose Expansion, MEDI2228, ADC (antibody drug conjugate)","Single agent MEDI2228 will be administered to adult subjects with R/R MM. The study aims to evaluate up to 9 planned, sequentially ascending main dose levels | Adult subjects with R/R MM with measurable disease will be enrolled in the dose-expansion cohort at the dose selected for evaluation in the dose-expansion phase.",Unknown/Not Specified
NCT06805825,A Study of the c-Kit Specific Antibody-Drug Conjugate NN3201 for Advanced and/or Metastatic Solid Tumors Known to Express c-Kit,RECRUITING,2025-02-03,2027-12-31,"Novelty Nobility, Inc.",INDUSTRY,Gastrointestinal Stromal Tumors; Small-cell Lung Cancer; Adenoid Cystic Carcinoma; Uveal Melanoma; Neuroendocrine Tumors; Chromophobe Renal Cell Carcinoma; Clear Cell Renal Cell Carcinoma,PHASE1,67.0,NN3201,A c-Kit targeting fully human monoclonal antibody-drug conjugate with MMAE administered intravenously.,Unknown/Not Specified
NCT06263543,Sequencing Antibody Drug Conjugates in ER+/HER2 LOW/ULTRA LOW MBC,RECRUITING,2024-06-17,2026-12,"Reshma L. Mahtani, D.O.",OTHER,Breast Cancer; Metastatic Breast Cancer; Advanced Breast Cancer; Hormone-receptor-positive Breast Cancer; Human Epidermal Growth Factor 2 Low Breast Cancer,PHASE2,75.0,Sacituzumab govitecan,IV infusion of 10 mg/kg on Days 1 and 8 of each continuous and consecutive 21-day cycles. The first infusion will last approximately 3 hours and subsequent infusions will last 1-2 hours if prior infusions were well tolerated.,HER2
NCT03677596,A Study Of Two Inotuzumab Ozogamicin Doses in Relapsed/ Refractory Acute Lymphoblastic Leukemia Transplant Eligible Patients,COMPLETED,2019-07-01,2023-05-26,Pfizer,INDUSTRY,Leukemia; Precursor b-Cell Lymphoblastic Leukemia-Lymphoma; ACUTE LYMPHOBLASTIC LEUKEMIA,PHASE4,102.0,inotuzumab ozogamicin-dose level 2; Inotuzumab ozogamicin-dose level 1,Inotuzumab ozogamicin (BESPONSA™) is a CD22 targeted antibody drug conjugate (ADC) approved by US FDA for treatment of adults with relapsed or refractory B cell precursor acute lymphoblastic leukemia (ALL). The approved starting dose is 1.8mg/m2/cycle. This treatment arm evaluates a lower starting dose of 1.2mg/m2/cycle. | Inotuzumab ozogamicin (BESPONSA™) is a CD22 targeted antibody drug conjugate (ADC) approved by US FDA for treatment of adults with relapsed or refractory B cell precursor acute lymphoblastic leukemia (ALL). The approved starting dose of 1.8mg/m2/cycle is administered in this treatment arm.,CD22
NCT07504588,"Sacituzumab Govitecan With Bevacizumab Compared to Usual Chemotherapy (Carboplatin, Pegylated Liposomal Doxorubicin and Bevacizumab) for Treating Recurrent Platinum-Sensitive Ovarian Cancer After PARP Inhibitor Maintenance Therapy",NOT_YET_RECRUITING,2026-09-10,2029-04-12,National Cancer Institute (NCI),NIH,Recurrent Platinum-Sensitive Fallopian Tube Endometrioid Adenocarcinoma; Recurrent Platinum-Sensitive Fallopian Tube High Grade Serous Adenocarcinoma; Recurrent Platinum-Sensitive Ovarian High Grade Endometrioid Adenocarcinoma; Recurrent Platinum-Sensitive Ovarian High Grade Serous Adenocarcinoma; Recurrent Platinum-Sensitive Primary Peritoneal Endometrioid Adenocarcinoma; Recurrent Platinum-Sensitive Primary Peritoneal High Grade Serous Adenocarcinoma,PHASE2,87.0,Anti-VEGF Monoclonal Antibody; Bevacizumab; Biospecimen Collection; Carboplatin; Computed Tomography; Echocardiography Test; Gemcitabine; Magnetic Resonance Imaging; Pegylated Liposomal Doxorubicin Hydrochloride; Sacituzumab Govitecan,Given IV | Given IV | Undergo collection of blood samples | Given IV | Undergo CT | Undergo ECHO | Given IV | Undergo MRI | Given IV | Given IV,Unknown/Not Specified
NCT06496490,A Clinical Trial of TQB2102 for Injection in Non-small Cell Lung Cancer With HER2 Gene Abnormality,RECRUITING,2024-08-06,2026-12,"Chia Tai Tianqing Pharmaceutical Group Nanjing Shunxin Pharmaceutical Co., Ltd.",INDUSTRY,Non-Small Cell Lung Cancer,PHASE2,270.0,TQB2102 for injection; TQB2102 for injection combined with Benmelstobart injection,HER2 dual-antibody-drug Conjugate (ADC). | TQB2102 for injection is a HER2 dual-antibody-drug Conjugate (ADC); Benmelstobart injection is a humanized monoclonal antibody targeting programmed death ligand-1 (PD-L1).,HER2
NCT05460273,"A Study of Dato-DXd in Chinese Patients With Advanced Non-Small Cell Lung Cancer, Triple-negative Breast Cancer and Other Solid Tumors (TROPION-PanTumor02)",ACTIVE_NOT_RECRUITING,2022-07-11,2027-06-30,AstraZeneca,INDUSTRY,"Carcinoma, Non-Small-Cell Lung; Triple Negative Breast Cancer",PHASE1; PHASE2,119.0,Datopotamab Deruxtecan (Dato-DXd),Dato-DXd is an antibody-drug conjugate (ADC) that binds to TROP2.,TROP2
NCT06440005,"A Study to Evaluate Safety, Tolerability and Preliminary Activity of AGX101 in Participants With Advanced Solid Tumors",RECRUITING,2024-07-22,2027-09-06,"Angiex, Inc.",INDUSTRY,Cancer; Advanced Cancer; Locally Advanced Carcinoma; Metastatic Solid Tumor; Breast Cancer; Prostate Cancer; Colorectal Cancer; Pancreatic Cancer; Liver Cancer; Angiosarcoma; Solid Tumor,PHASE1,80.0,AGX101,Antibody Drug Conjugate,Unknown/Not Specified
NCT06918912,Study of Loncastuximab Tesirine in Patients With Relapsed/Refractory Diffuse Large B-Cell Lymphoma (DLBCL) or High-Grade B-Cell Lymphoma (HGBCL) Following CAR-T Therapy Failure,RECRUITING,2023-06-16,2027-06,Istituto Clinico Humanitas,OTHER,Diffuse Large B-Cell Lymphoma; High-grade B-cell Lymphoma (HGBCL); B-Cell Lymphoma Treatment; Relapsed or Refractory Lymphoma,PHASE2,50.0,Loncastuximab Tesirine (Anti-CD19 Antibody-Drug Conjugate),"Loncastuximab Tesirine is an antibody-drug conjugate specifically targeting CD19, a protein found on the surface of B-cells. It is designed to deliver a cytotoxic pyrrolobenzodiazepine dimer directly to CD19-expressing malignant B-cells. Unlike traditional chemotherapies, Loncastuximab Tesirine combines the precision of an anti-CD19 monoclonal antibody with a potent chemotherapy agent, offering targeted therapy for relapsed or refractory Diffuse Large B-Cell Lymphoma (DLBCL) and High-Grade B-Cell Lymphoma (HGBCL) after failure of CAR-T therapy. It is administered intravenously every 3 weeks, with an initial higher dose of 150 μg/kg followed by a reduced dose of 75 μg/kg for up to 8 cycles, distinguishing it from other treatments by its specific targeting mechanism and dosage regimen tailored to this patient population.",CD19
NCT07612176,"A Phase 1 Study of NEOK001, a B7-H3 and ROR1 Targeting Bispecific ADC in Participants With Select Solid Tumors",RECRUITING,2026-04-21,2029-01,"NEOK Bio, Inc.",INDUSTRY,Locally Advanced (Unresectable) or Metastatic Solid Tumors,PHASE1,155.0,NEOK001; NEOK001 RDE,Escalating doses of NEOK001 | Recommended Dose of NEOK001 for Expansion,B7-H3; ROR1
NCT04064359,Safety and Preliminary Efficacy of OBT076 in Recurrent/Metastatic CD205+ Solid Tumors,RECRUITING,2019-07-25,2027-12-31,Oxford BioTherapeutics Ltd,INDUSTRY,Solid Tumor,PHASE1,200.0,"OBT076, a CD205-directed antibody-drug conjugate",Intravenous (IV) infusion of OBT076 every 3 weeks.,CD20
NCT07610616,Study on the Mechanism of ADC Drug Evaluation Based on Immune Co-culture of Lung Cancer Organoids,RECRUITING,2025-12-28,2027-10-01,Guangzhou Institute of Respiratory Disease,OTHER,HER2 Positive OR TROP2 Positive Non-Small Cell Lung Cancer,NOT_APPLICABLE,10.0,Antibody-drug conjugate (ADC) combination therapy,"In a co-culture system of tumor patient-derived organoids (PDOs) and autologous immune cells, at least ten drug combinations comprising antibody-drug conjugates (ADCs) plus tyrosine kinase inhibitors (TKIs) or immune checkpoint blockers (ICBs) were employed to screen for ADCs with sensitivity against the tumor PDOs. The ADCs selected for evaluation included:

Trastuzumab deruxtecan for injection (intravenous) Trastuzumab emtansine for injection (intravenous) Sacituzumab govitecan for injection (intravenous)",HER2; TROP2
NCT07591090,A Phase II Study of AK146D1 Combined With AK112 in Advanced Breast Cancer,NOT_YET_RECRUITING,2026-06-01,2029-02-04,Akeso,INDUSTRY,Advanced Breast Cancer,PHASE2,200.0,AK146D1 for injection; AK112 Injection,AK146D1 for injection is an anti-Trop2/Nectin4 bispecific antibody-drug conjugate. | AK112 Injection is a PD-1/VEGF bispecific antibody.,Nectin-4; TROP2
NCT03650491,A Study of FOR46 in Patients With Relapsed or Refractory Multiple Myeloma (RRMM),COMPLETED,2019-04-03,2022-01-31,"Fortis Therapeutics, Inc.",INDUSTRY,Multiple Myeloma; Multiple Myeloma in Relapse; Multiple Myeloma With Failed Remission,PHASE1,31.0,FOR46,FOR46 is an intravenously (IV) administered antibody-drug conjugate (ADC) directed against CD46,Unknown/Not Specified
NCT07207824,"DV+BCG in HER2-Expressing, BCG-Naïve High-Risk NMIBC",NOT_YET_RECRUITING,2025-12-01,2030-12-01,Fudan University,OTHER,"Bladder (Urothelial, Transitional Cell) Cancer; NMIBC",PHASE3,182.0,Active Comparator: BCG induction and maintenance; DV + BCG induction and maintenance,"Drug: Bacillus Calmette-Guerin Immunotherapy treatment approved by NMPA for patients with high-risk non-muscle invasive bladder cancer

Other Names:

BCG | Drug: Disitamab vedotin(RC48) •An antibody-drug conjugates (ADCs) targeting HER2, has been approved in China for chemotherapy-refractory advanced UC with HER2-expression.

Other Names:

• RC48, DV

Drug: Bacillus Calmette-Guerin Immunotherapy treatment approved by NMPA for patients with high-risk non-muscle invasive bladder cancer

Other Names:

BCG",HER2
NCT07144280,A Study to Learn About the Study Medicine Called PF-08046054/SGN-PDL1V Versus Docetaxel in Adult Participants With Previously-Treated Programmed Cell Death Ligand 1 (PD-L1) Positive Non-Small-Cell Lung Cancer (NSCLC),RECRUITING,2025-09-29,2032-03-10,Pfizer,INDUSTRY,Non-small Cell Carcinoma; Non-Small Cell Lung Cancer Metastatic; Non-Small Cell Lung Carcinoma,PHASE3,680.0,PF-08046054; Docetaxel monotherapy,"Antibody Drug Conjugate

Participants will receive PF-08046054, administered as an IV infusion. | Participants will receive Docetaxel, administered as an IV infusion.",Unknown/Not Specified
NCT06509997,A Phase II Study of Anti-EGFR Antibody-drug Conjugate (ADC) Combine With CDK4/6 Inhibitors Posterior Line in the Treatment of Recurrent/Metastatic CDKN2A Gene Variant Head and Neck Squamous Cell Carcinoma,NOT_YET_RECRUITING,2024-08-01,2027-12-31,Lei Liu,OTHER,Head and Neck Squamous Cell Carcinoma,PHASE2,30.0,MRG003 combined with Dalpicicilip,"MRG003, intravenous infusion, D1, once every 3 weeks; Dalpicicilip, taking orally, D1-21, once every 4 weeks, maintain use until progression or emergence of intolerable toxicity.",EGFR
NCT02631876,"A Study of Mirvetuximab Soravtansine vs. Investigator's Choice of Chemotherapy in Women With Folate Receptor (FR) Alpha Positive Advanced Epithelial Ovarian Cancer (EOC), Primary Peritoneal or Fallopian Tube Cancer",COMPLETED,2016-03-02,2020-01,"ImmunoGen, Inc.",INDUSTRY,Epithelial Ovarian Cancer; Primary Peritoneal Carcinoma; Fallopian Tube Cancer; Ovarian Cancer,PHASE3,366.0,Mirvetuximab soravtansine; Paclitaxel; Pegylated liposomal doxorubicin; Topotecan,Mirvetuximab Soravtansine will be administered per dose and schedule specified in the arm. | Paclitaxel will be administered per dose and schedule specified in the arm. | Pegylated liposomal doxorubicin will be administered per dose and schedule specified in the arm. | Topotecan will be administered per dose and schedule specified in the arm.,Folate Receptor
NCT07259226,Optimal Methods to Characterize ADC Resistance in Solid Tumors and Identify Clinically Useful Biomarkers,RECRUITING,2025-11-14,2030-11-01,UNICANCER,OTHER,Advanced Breast Cancer; Advanced Gastric Cancer; Advanced Urothelial Cancer; Advanced Non Small Cell Lung Cancer (NSCLC),PHASE2,400.0,Biological samples collection; questionnaires to collect patient reported outcomes,"Biological samples collection (tumor tissue, blood, sputum) before initiation of treatment, during treatment, and at treatment discontinuation. | QLQ-C30, QLQ-FA12, HADS, EQ-5D 5L",Unknown/Not Specified
NCT06992687,A Study to Evaluate the Safety and Efficacy of HB0052 in Patients With Advanced Solid Tumors,ENROLLING_BY_INVITATION,2024-09-01,2025-11-30,"Shanghai Huaota Biopharmaceutical Co., Ltd.",INDUSTRY,Solid Tumors,PHASE1; PHASE2,30.0,HB0052 Injection,An antibody- drug conjugate (ADC) that targets CD73 with SN38 as the payload,Unknown/Not Specified
NCT03525678,A Study to Investigate the Efficacy and Safety of Two Doses of GSK2857916 in Participants With Multiple Myeloma Who Have Failed Prior Treatment With an Anti-CD38 Antibody,COMPLETED,2018-06-18,2024-09-12,GlaxoSmithKline,INDUSTRY,Multiple Myeloma,PHASE2,221.0,Belantamab mafodotin frozen liquid; Belantamab mafodotin lyophilized powder,Belantamab mafodotin will be available as frozen liquid. Frozen liquid will be available as 30 milligram (mg)/vial solution in a single use vial with unit dose strength of 2.5 or 3.4 mg/kg. Belantamab mafodotin will be administered as IV solution over at least 30 minutes. Frozen belantamab mafodotin will be diluted in 0.9 percent saline and administered via infusion pump. | Belantamab mafodotin will be available as lyophilized powder. Lyophilized powder will be available as 100 mg/vial in single-use vial for reconstitution with unit dose strength of 3.4 mg/kg. Lyophilized belantamab mafodotin will be reconstituted using water for injection and diluted with saline before use.,Unknown/Not Specified
NCT02674568,Study of Rovalpituzumab Tesirine (SC16LD6.5) for Third-Line and Later Treatment of Subjects With Relapsed or Refractory Delta-Like Protein 3-Expressing Small Cell Lung Cancer,COMPLETED,2016-01-25,2018-10-19,AbbVie,INDUSTRY,Small Cell Lung Cancer,PHASE2,342.0,Rovalpituzumab tesirine,Rovalpituzumab tesirine is a DLL3 targeted antibody drug conjugate (ADC).,DLL3
NCT07362888,First-in-Human Study of ADCE-B05 in Patients With Advanced Solid Tumors,RECRUITING,2026-03-17,2029-03-14,Adcendo ApS,INDUSTRY,Solid Tumors (Phase 1),PHASE1,180.0,ADCE-B05,Biological: Antibody-drug conjugate (ADC),Unknown/Not Specified
NCT06592417,To Evaluate the Phase I Clinical Study of JSKN016 in Chinese Patients With Advanced Malignant Solid Tumors,RECRUITING,2024-04-30,2026-12-31,"Jiangsu Alphamab Biopharmaceuticals Co., Ltd",INDUSTRY,Advanced Malignant Solid Tumor,PHASE1,140.0,JSKN016 injection,JSKN016 is a bispecific antibody drug conjugate targeting HER3 and TROP2.,TROP2
NCT07471776,Study on Using TROP2-PET and 18F-FDG PET to Predict the Efficacy of Anti TROP2 ADC Treatment in Advanced Breast Cancer,RECRUITING,2026-03-11,2029-03-11,Fudan University,OTHER,Metastatic Breast Cancer ( HER2 Negative),PHASE2,45.0,Sacituzumab Govitecan、Datopotamab deruxtecan、Sacituzumab tirumotecan; 68Ga-TROP2 PET/CT Imaging; 18F-FDG PET Imaging,TROP2-targeted antibody-drug conjugate administered according to standard clinical dosing schedule until disease progression or unacceptable toxicity. | Whole-body PET imaging using 68Ga-labeled TROP2-targeting tracer to assess in vivo TROP2 expression prior to TROP2 ADC treatment initiation. | Standard 18F-FDG PET imaging performed prior to TROP2 ADC treatment to assess tumor metabolic activity.,HER2; TROP2
NCT04662580,ARX517/JNJ-95298177 as Monotherapy or Combination Therapy in Subjects With Metastatic Prostate Cancer,ACTIVE_NOT_RECRUITING,2021-05-03,2026-12-31,"Janssen Research & Development, LLC",INDUSTRY,Metastatic Prostate Cancer,PHASE1,183.0,ARX517; Apalutamide; Abiraterone acetate; Prednisone,ARX517 is an ADC consisting of a humanized anti-PSMA monoclonal antibody (mAb) (IgG1κ) covalently conjugated to two (2) proprietary microtubule-disrupting toxins referred to as AS269. | Oral tablet and will be given once daily by mouth. | Oral tablet and will be given once daily by mouth. | Oral tablet and will be given once daily in metastatic castration-sensitive prostate cancer( mCSPC) and twice daily in metastatic castration-resistant prostate cancer (mCRPC) cohort by mouth.,PSMA
NCT06178588,"Sacituzumab Govitecan for the Treatment for Patients With Locally Advanced, Recurrent, or Metastatic Cholangiocarcinoma",ACTIVE_NOT_RECRUITING,2024-02-01,2026-11-01,University of Kansas Medical Center,OTHER,Locally Advanced Cholangiocarcinoma; Metastatic Cholangiocarcinoma; Recurrent Cholangiocarcinoma; Stage III Hilar Cholangiocarcinoma AJCC v8; Stage III Intrahepatic Cholangiocarcinoma AJCC v8; Stage IV Hilar Cholangiocarcinoma AJCC v8; Stage IV Intrahepatic Cholangiocarcinoma AJCC v8,PHASE2,15.0,Biopsy; Biospecimen Collection; Computed Tomography; Magnetic Resonance Imaging; Positron Emission Tomography; Sacituzumab Govitecan,Undergo tumor biopsy | Undergo blood sample collection | Undergo PET/CT scan | Undergo MRI | Undergo PET/CT | Given IV,Unknown/Not Specified
NCT02302339,A Study of Glembatumumab Vedotin as Monotherapy or in Combination With Immunotherapies in Patients With Advanced Melanoma,TERMINATED,2014-11,2018-10-03,Celldex Therapeutics,INDUSTRY,Melanoma,PHASE2,132.0,glembatumumab vedotin; glembatumumab vedotin and varlilumab; glembatumumab vedotin and PD-1 targeted checkpoint inhibitor (nivolumab OR pembrolizumab); glembatumumab vedotin and CDX-301, |  |  | ,Unknown/Not Specified
NCT02001623,Tisotumab Vedotin (HuMax®-TF-ADC) Safety Study in Patients With Solid Tumors,COMPLETED,2013-11-30,2019-05-02,Seagen Inc.,INDUSTRY,Ovary Cancer; Cervix Cancer; Endometrium Cancer; Bladder Cancer; Prostate Cancer (CRPC); Esophagus Cancer; Lung Cancer(NSCLC); Squamous Cell Carcinoma of the Head and Neck (SCCHN),PHASE1; PHASE2,195.0,Tisotumab Vedotin (HuMax-TF-ADC),,Unknown/Not Specified
NCT06176261,DATO-BASE: DATOpotamab-deruxtecan for Breast Cancer Brain metAstaSEs,RECRUITING,2024-01-08,2029-01-01,"Sarah Sammons, MD",OTHER,Breast Cancer; Breast Cancer Female; Metastatic Triple-Negative Breast Carcinoma; ER Positive Breast Cancer; HER2-negative Breast Cancer; HER2 Negative Breast Carcinoma; ER-negative Breast Cancer,PHASE2,58.0,Datopotamab Deruxtecan,"Antibody-drug conjugate, 100 mg single-use vial, via intravenous infusion per protocol.",HER2
NCT05798156,Rituximab in Combination With Glofitamab and Polatuzumab Vedotin in Patients With Previously Untreated Aggressive B-cell Lymphoma Ineligible for R-CHOP,ACTIVE_NOT_RECRUITING,2023-03-20,2028-02-28,Institut für Klinische Krebsforschung IKF GmbH at Krankenhaus Nordwest,OTHER,"Lymphoma, Large B-Cell, Diffuse",PHASE2,125.0,Glofitamab; Rituximab; Obinutuzumab; Polatuzumab vedotin,"Glofitamab is a fully humanized, engineered monoclonal bivalent antibody of the IgG1 isotype. | Rituximab is a genetically engineered chimeric mouse/human anti-CD20 monoclonal antibody | Obinutuzumab is a fully humanized, glycoengineered type II monoclonal antibody of the IgG1 isotype that binds to an epitope on CD20 | Polatuzumab vedotin is an antibody-drug-conjugate that contains a humanized IgG1 anti-CD79b monoclonal antibody (MCDS4409A) and a potent anti-mitotic agent (MMAE) linked through a protease-cleavable linker.",CD20; CD79b
NCT04941339,A Study of MRG002 in the Treatment of Patients With HER2-positive Advanced Solid Tumors,UNKNOWN,2018-11-21,2022-10,Shanghai Miracogen Inc.,INDUSTRY,Advanced Solid Tumor,PHASE1,74.0,MRG002,Administrated intravenously,HER2
NCT03628053,Tisagenlecleucel vs Blinatumomab or Inotuzumab for Patients With Relapsed/Refractory B-cell Precursor Acute Lymphoblastic Leukemia,WITHDRAWN,2020-06-05,2026-01-07,Novartis Pharmaceuticals,INDUSTRY,Acute Lymphoblastic Leukemia,PHASE3,0.0,Tisagenlecleucel; Blinatumomab; Inotuzumab,autologous cellular immunotherapy product | bispecific CD19-directed CD3 T-cell engager | CD22-directed antibody-drug conjugate,CD19; CD22
NCT05950945,Trastuzumab Deruxtecan (T-DXd) in Patients Who Have Hormone Receptor-negative and Hormone Receptor-positive HER2-low or HER2 IHC 0 Metastatic Breast Cancer,RECRUITING,2023-12-30,2027-10-01,Daiichi Sankyo,INDUSTRY,Breast Cancer,PHASE3,250.0,Trastuzumab Deruxtecan,"Intravenous administration, 5.4 mg/kg on Day 1 of each 21-day cycle until radiographic disease progression as assessed by the investigator, unacceptable toxicity, other discontinuation criteria are met, or 2 years after first dose of study drug",HER2
NCT07618923,Neoadjuvant Dalpiciclib + AI → SHR-A1811 for HR+/HER2-Low Breast Cancer,NOT_YET_RECRUITING,2026-06,2029-01,Tang-Du Hospital,OTHER,Breast Cancer; HR Positive/HER2 Low Breast Cancer,PHASE2,20.0,Dalpiciclib 125mg; Aromatase Inhibitor; SHR-A1811,"CDK4/6 inhibitor, 125 mg oral tablet, taken once daily on days 1-21 of each 28 day cycle for 4 cycles. | Includes anastrozole 1 mg/day, letrozole 2.5 mg/day, or exemestane 25 mg/day, administered orally once daily for 4 cycles. | Anti-HER2 antibody-drug conjugate (ADC), 4.8 mg/kg intravenous infusion once every 3 weeks for 4 cycles",HER2
NCT07343453,"A Single-Arm, Phase II Study to Evaluate the Efficacy and Safety of Sacituzumab Tirumotecan in Second-Line and Subsequent Treatments for Advanced Thymic Epithelial Tumors",NOT_YET_RECRUITING,2025-12-22,2029-12-22,Sun Yat-sen University,OTHER,Thymic Epithelial Tumors; Advanced Stage; Second-line Therapy,PHASE2,38.0,Sacituzumab tirumotecan,"Sacituzumab Tirumotecan is an antibody-drug conjugate (ADC) composed of a humanized anti-TROP2 monoclonal antibody of the IgG1 class covalently linked to the cytotoxic payload KL610023, a topoisomerase I inhibitor. Its mechanism of action involves: (1) specific binding of the antibody to Trop-2 on the tumor cell membrane, followed by internalization; (2) lysosomal degradation leading to the release of SN-38, which induces DNA double-strand breaks; and (3) a bystander effect that kills adjacent Trop-2-negative cells.",TROP2
NCT06121557,Phase I Study of Autologous Tumor-Draining Lymph Node-Derived Lymphocytes for Advanced HER2-Negative Breast Cancer,RECRUITING,2023-11-01,2031-12-31,Sun Yat-Sen Memorial Hospital of Sun Yat-Sen University,OTHER,Breast Neoplasms,PHASE1,24.0,"Surgery for harvesting tumor-draining lymph nodes; Cyclophosphamide; Fludarabine; Tumor-draining lymph node-derived lymphocyte (LNL); Interleukin-2; Camrelizumab; Chemotherapeutic drug, ADC or PARP inhibitor","A sample of the participant's tumor-draining lymph nodes will be collected and sent to the biotherapy center for LNL isolation and expansion. | Cyclophosphamide will be administered at 500 mg/m\^2 IV daily for three days. Cyclophosphamide will be initiated five days prior to the anticipated LNL transfer, and the precise timing will depend on the rate of in vitro LNL growth. | Fludarabine will be administered at 30 mg/m\^2 IV daily for three days. Fludarabine will be initiated five days prior to the anticipated LNL transfer, and the precise timing will depend on the rate of in vitro LNL growth. | In the dose-escalation portion, participants receive ascending dose (1×10\^9\~18×10\^9), single Infusion of LNL on day 0. In the dose-expansion portion, participants receive single infusion of LNL at the recommended phase 2 dose (RP2D). | Eight to twelve hours after completing the LNL infusion, all participants will receive intermediate-dose decrescendo IL-2 IV. | Camrelizumab will be administered at a dose of 200mg (3mg/kg for participants whose weight is below 50kg) IV on Day 1 of each 21-day cycle until unacceptable toxic effects or disease progression or other termination criteria appeared. | Another anti-tumor drug chosen from chemotherapeutic drug, ADC, or PARP inhibitor will be administered at investigator's discretion.",HER2
NCT06908928,A Dose Randomization Study of Bulumtatug Fuvedotin in TNBC Patients Previously Treated With ADCs,RECRUITING,2025-08-11,2028-05,"Mabwell (Shanghai) Bioscience Co., Ltd.",INDUSTRY,Triple Negative Breast Cancer,PHASE1,52.0,bulumtatug fuvedotin; bulumtatug fuvedotin,given via intravenous infusion on day 1 and day 8 of every 21-day cycle at dose level 1 | given via intravenous infusion on day 1 and day 8 of every 21-day cycle at dose level 2,Unknown/Not Specified
NCT06948539,To Evaluate the Tolerability and Pharmacokinetics of TQB2101 for Injection in Patients With Advanced Malignant Tumors,NOT_YET_RECRUITING,2025-04,2026-12,"Chia Tai Tianqing Pharmaceutical Group Nanjing Shunxin Pharmaceutical Co., Ltd.",INDUSTRY,Breast Cancer; Lung Cancer; Colorectal Cancer,PHASE1,66.0,TQB2101 for injection,TQB2101 for injection is a receptor tyrosine kinase-like orphan receptor-1 antibody drug conjugate.,Unknown/Not Specified
NCT04681131,CAB-AXL-ADC Safety and Efficacy Study in Adults With NSCLC,COMPLETED,2021-03-17,2025-07-09,"BioAtla, Inc.",INDUSTRY,Non-Small-Cell Lung Cancer,PHASE2,85.0,CAB-AXL-ADC; PD-1 inhibitor,Conditionally active biologic anti-AXL antibody drug conjugate | PD-1 inhibitor,Unknown/Not Specified
NCT07043725,A Clinical Study of Neoadjuvant Treatment With TQB2102 for Injection for Human Epidermal Growth Factor Receptor 2 (HER2) Positive Breast Cancer,RECRUITING,2025-09-15,2029-09,"Chia Tai Tianqing Pharmaceutical Group Nanjing Shunxin Pharmaceutical Co., Ltd.",INDUSTRY,HER2-positive Breast Cancer,PHASE3,544.0,TQB2102 for injection; Trastuzumab injection and Pertuzumab Injection and Docetaxel Injection and Carboplatin Injection,"TQB2102 for injection is a HER2 dual-antibody-drug Conjugate (ADC) | TCbHP is a commonly used chemotherapy scheme for HER2 positive breast cancer. H represents Trastuzumab injection, P represents Pertuzumab Injection, T represents Docetaxel injection and C represents Carboplatin injection.",HER2
NCT06052423,ARTEMIS-007: HS-20093 in Patients With Extensive Stage Small Cell Lung Cancer,WITHDRAWN,2024-11-30,2027-06-30,Hansoh BioMedical R&D Company,INDUSTRY,Extensive Stage Small Cell Lung Cancer (ES-SCLC),PHASE2,0.0,HS-20093,"HS-20093 is a fully humanized IgG1 antibody-drug conjugate (ADC) which specifically binds to B7-H3, a target wildly expressed on solid tumor cells.",B7-H3
NCT05280470,Ifinatamab Deruxtecan (I-DXd) in Subjects With Pretreated Extensive-Stage Small Cell Lung Cancer (ES-SCLC),ACTIVE_NOT_RECRUITING,2022-03-09,2026-12-15,Daiichi Sankyo,INDUSTRY,Extensive-stage Small-cell Lung Cancer,PHASE2,187.0,Ifinatamab Deruxtecan (I-DXd),I-DXd will be administered as an intravenous (IV) infusion on Day 1 of each 21-day cycle (every Q3W).,Unknown/Not Specified
NCT01101594,A Study of hLL1-DOX (Milatuzumab-Doxorubicin Antibody-Drug Conjugate) in Patients With Multiple Myeloma,TERMINATED,2010-07,2013-07,Gilead Sciences,INDUSTRY,Multiple Myeloma,PHASE1; PHASE2,17.0,hLL1-DOX (the doxorubicin conjugate of milatuzumab),"hLL1-DOX will be administered intravenously (through a vein) on days 1, 4, 8 \& 11 every 21 days for up to 8 treatment cycles. 4 different dose levels of hLL1-DOX will be studied for safety and tolerability.",Unknown/Not Specified
NCT01196208,A Treatment-Option Protocol to Provide Brentuximab Vedotin to Eligible Patients Completing Studies SGN35-005 or C25001,NO_LONGER_AVAILABLE,,,Seagen Inc.,INDUSTRY,"Disease, Hodgkin; Lymphoma, Large-Cell, Anaplastic; Lymphoma, Non-Hodgkin; Lymphoma, T-Cell, Cutaneous",NOT_APPLICABLE,,brentuximab vedotin,Every 21 days by intravenous infusion (1.8 mg/kg),Unknown/Not Specified
NCT06797999,First-in-Human Study of ADCE-D01 in Soft Tissue Sarcoma,RECRUITING,2025-06-05,2029-02-27,Adcendo ApS,INDUSTRY,Metastatic Soft Tissue Sarcoma; Unresectable Soft Tissue Sarcoma,PHASE1; PHASE2,270.0,Antibody-drug conjugate (ADC),"ADCE-D01 is an antibody-drug conjugate (ADC) composed of an anti-urokinase plasminogen activator receptor-associated protein (uPARAP) antibody, AB-004, conjugated to a topoisomerase I inhibitor, P1021, via a protease cleavage tetra-peptide linker.",Unknown/Not Specified
NCT01060904,A Phase 1 Study of Brentuximab Vedotin Combined With Multi-Agent Chemotherapy for Hodgkin Lymphoma,COMPLETED,2010-01,2012-09,Seagen Inc.,INDUSTRY,"Disease, Hodgkin",PHASE1,51.0,brentuximab vedotin; doxorubicin; vinblastine; dacarbazine; bleomycin; brentuximab vedotin,0.6-1.2 mg/kg IV every 2 weeks | 25 mg/m2 IV every 2 weeks | 6 mg/m2 IV every 2 weeks | 375 mg/m2 IV every 2 weeks | 10 units/m2 IV every 2 weeks | 0.9-1.2 mg/kg IV every 2 weeks,Unknown/Not Specified
NCT07647289,EV + Toripalimab vs GC as Neoadjuvant Therapy in Locally Advanced/High-Risk MIBC,RECRUITING,2025-04-15,2028-12,Peking University Third Hospital,OTHER,Muscle-Invasive Bladder Cancer (MIBC),PHASE2,58.0,enfortumab vedotin (EV); Toripalimab; Gemcitabine (Chemotherapy); Cisplatin,Enfortumab Vedotin is administered intravenously at a dose of 1.25 mg/kg on Day 1 and Day 8 of each 21-day cycle for a total of 3 cycles | Toripalimab is administered intravenously at a dose of 240 mg on Day 1 of each 21-day cycle for a total of 3 cycles. | Gemcitabine is administered intravenously at a dose of 1000 mg/m² on Day 1 and Day 8 of each 21-day cycle for a total of 3 cycles. | Cisplatin is administered intravenously at a dose of 70 mg/m² on Day 1 of each 21-day cycle for a total of 3 cycles.,Unknown/Not Specified
NCT05117476,A Study of CLN-619 Alone and in Combination With Pembrolizumab in Advanced Solid Tumors,ACTIVE_NOT_RECRUITING,2021-10-29,2026-06,Cullinan Therapeutics Inc.,INDUSTRY,Advanced Solid Tumor; NSCLC,PHASE1,440.0,CLN-619; Pembrolizumab; Paclitaxel; Carboplatin AUC 6; pemetrexed; Datopotamab deruxtecan-dlnk (Dato-DXd),Anti-MICA/MICB monoclonal antibody | Keytruda | Taxane | Platinum compound | antifolate | TROP-2 antibody-drug conjugate (ADC),TROP2
NCT04177823,"A Study of Belantamab Mafodotin to Investigate Safety, Tolerability, Pharmacokinetics, Immunogenicity and Clinical Activity in Participants With Relapsed/Refractory Multiple Myeloma (RRMM)",COMPLETED,2019-12-09,2021-12-30,GlaxoSmithKline,INDUSTRY,Multiple Myeloma,PHASE1,6.0,Belantamab mafodotin,Belantamab mafodotin will be available as lyophilized powder 100 mg/vial in single-use vial for reconstitution. It will be administered at a calculated dose of 2.5 mg/kg or 3.4 mg/kg as an IV infusion on Day 1 of each cycle over 30 minutes.,Unknown/Not Specified
NCT03657043,A Study of Weekly Tisotumab Vedotin for Patients With Platinum-Resistant Ovarian Cancer With Safety Run-in (innovaTV 208),COMPLETED,2019-03-20,2022-02-08,Seagen Inc.,INDUSTRY,Ovarian Cancer; Fallopian Tube Cancer; Peritoneal Cancer,PHASE2,98.0,tisotumab vedotin,Intravenous (IV) infusion,Unknown/Not Specified
NCT06387121,Efficacy and Safety of Low-dose Chemotherapy Plus Immuno-targeted Drugs in Newly Diagnosed Adult Ph- B-ALL,RECRUITING,2024-04-02,2028-12-31,"Institute of Hematology & Blood Diseases Hospital, China",OTHER,Precursor Cell Lymphoblastic Leukemia-Lymphoma,PHASE2,53.0,Vincristine; Cyclophosphamide; Dexamethasone; Venetoclax; Inotuzumab ozogamicin; Blinatumomab; 6-mercaptopurine; Methotrexate; Cytarabine; Prednisone,Anti-tumor alkaloids | Alkylating agent | Glucocorticoids | Selective inhibitor of B-cell lymphoma 2 (Bcl-2) | A humanized monoclonal antibody-drug conjugate targeting CD22 | Bi-specific anti-CD19/CD3 antibodies | Cell cycle-specific antitumor drug | Antifolate antineoplastic drug | Pyrimidine antimetabolites | Glucocorticoids,CD19; CD22
NCT07164950,Compression Stockings to Prevent Peripheral Neuropathy Caused by Antibody-Drug Conjugates in Urothelial Carcinoma Patients,RECRUITING,2025-08-30,2026-07-01,Sheng Zhang,OTHER,Urothelial Carcinoma; Advanced Solid Tumors; Chemotherapy-Induced Peripheral Neuropathy; Antibody-drug Conjugates,NOT_APPLICABLE,58.0,Medical-grade compression stocking,"A knee-high compression stocking providing 20-30 mmHg pressure will be applied to the assigned foot during the ADC treatment period to prevent chemotherapy-induced peripheral neuropathy (CIPN). Stockings will be worn daily, except during bathing.",Unknown/Not Specified
NCT01476410,Brentuximab Vedotin and Combination Chemotherapy in Treating Older Patients With Previously Untreated Stage II-IV Hodgkin Lymphoma,COMPLETED,2011-11,2020-05-26,Northwestern University,OTHER,Adult Lymphocyte Depletion Hodgkin Lymphoma; Adult Lymphocyte Predominant Hodgkin Lymphoma; Adult Mixed Cellularity Hodgkin Lymphoma; Adult Nodular Sclerosis Hodgkin Lymphoma; Stage II Adult Hodgkin Lymphoma; Stage III Adult Hodgkin Lymphoma; Stage IV Adult Hodgkin Lymphoma,PHASE2,49.0,brentuximab vedotin; doxorubicin hydrochloride; vinblastine; dacarbazine; quality-of-life assessment; DNA analysis; RNA analysis; fludeoxyglucose F 18; positron emission tomography; laboratory biomarker analysis; immunohistochemistry staining method; polymorphism analysis,Given IV | Given IV | Given IV | Given IV | Ancillary studies | Optional correlative studies | Optional correlative studies | Correlative studies | Correlative studies | Optional correlative studies | Optional correlative studies | Optional correlative studies,Unknown/Not Specified
NCT01671813,Brentuximab Vedotin in CD30 Positive Epstein Barr Virus (EBV) Positive DLBCL of Elderly,WITHDRAWN,2013-03,2013-07,H. Lee Moffitt Cancer Center and Research Institute,OTHER,Lymphoma,NOT_APPLICABLE,0.0,brentuximab vedotin,Brentuximab vedotin will be given intravenously as outlined in treatment arm.,CD30
NCT04602117,ISPY-P1.01:Evaluating the Safety of Weekly Paclitaxel With Trastuzumab Duocarmazine (SYD985) in Patients With Metastatic Cancer,WITHDRAWN,2021-07-28,2021-11-17,QuantumLeap Healthcare Collaborative,OTHER,HER2-positive Breast Cancer; HER2 Low; SYD-985; SYD985; Vic-trastuzumab Duocarmazine; Metastatic Cancer; Metastatic Breast Cancer; Metastatic Gastrointestinal Carcinoid Tumor; Metastatic; HER2 Low Breast Cancer; GastroEsophageal Cancer; Gastroesophageal Adenocarcinoma; Endometrium Tumor; Ovarian Cancer; Ovarian Carcinoma; HER2-positive Gastric Cancer; HER2-positive Metastatic Breast Cancer; HER2 Mutation-Related Tumors; HER-2 Protein Overexpression; HER2 Low HR Positive; HR Positive; Hormone Receptor-positive Breast Cancer; Estrogen Receptor Positive Tumor; Progesterone Receptor-positive Breast Cancer; Triple Negative Breast Cancer; Hormone Receptor Negative Breast Carcinoma; Bladder Cancer,PHASE1,0.0,Vic-trastuzumab duocarmazine (SYD985) + paclitaxel,"SYD985 (\[vic-\]trastuzumab duocarmazine) an antibody-drug conjugate or ADC being developed by Byondis B.V. (Nijmegen, The Netherlands), consists of the recombinant humanized anti-epidermal growth factor receptor 2 (HER2) monoclonal antibody trastuzumab linked, via a cleavable linker, to the duocarmycin prodrug, seco-duocarmycin-hydroxybenzamide-azaindole or seco-DUBA, which has potent antineoplastic activity.

Eligible patients will receive infusions of SYD985 every three weeks and of paclitaxel weekly.",HER2
NCT07139977,Study of EV for Recurrent Endometrial Carcinoma,NOT_YET_RECRUITING,2026-04-01,2028-05-31,William Bradley,OTHER,Endometrial Cancer,PHASE2,12.0,Enfortumab Vedotin,"Enfortumab vedotin is an ADC comprised of a fully human IgG1Κ antibody conjugated to the microtubule-disrupting agent MMAE via a protease-cleavable linker. Enfortumab vedotin is thought to induce anti-tumor activity by binding to the nectin-4 protein on the surface of cancer cells, leading to internalization, proteolytic cleavage of the linker, and intracellular release of MMAE that subsequently disrupts tubulin polymerization and leads to mitotic arrest and apoptosis of the tumor cell.",Nectin-4
NCT06195709,ECLECTIC: EstroTEP and Circulating Biomarkers for ER-positive HER2-negative Metastatic Breast Cancer Patients,RECRUITING,2024-05-27,2030-09-27,Institut Curie,OTHER,Breast Carcinoma,PHASE3,300.0,Endocrine therapy; Endocrine therapy combined with the local treatment of FES-negative lesions; Chemotherapy,"Consist in single agent endocrine therapy or in combination with targeted therapy, per guidelines and label. LH-RH agonist will be used in combination with endocrine therapy whenever appropriate and per label. | Consist in single agent endocrine therapy or in combination with targeted therapy, per guidelines and label. LH-RH agonist will be used in combination with endocrine therapy whenever appropriate and per label. Cases with only 1 or 2 FES-negative lesions that are accessible to local treatment will be reviewed by the Centralized Reading Committee (including a radiation oncologist) to confirm the feasibility of local treatment. | Consist in single agent chemotherapy, poly-chemotherapy, or antibody-drug conjugates, per guidelines and label. Patients who are eligible (per drug label) may receive PARP inhibitor if allocated to Arm B.",HER2
NCT07582887,Impact of Genetic Variants on the Toxicity of Antibody-Drug Conjugates in Locally Advanced or Metastatic Breast Cancer: The Role of the UGT1A1 Gene as a Predictive Biomarker of Therapeutic Response,RECRUITING,2025-07-15,2027-03-31,Fundación Pública Andaluza para la Investigación Biomédica Andalucía Oriental,OTHER,Breast Cancer; Metastatic Breast Cancer; Drug-Related Side Effects and Adverse Reactions; Pharmacogenetic Variant,NOT_APPLICABLE,70.0,Sacituzumab Govitecan; Trastuzumab deruxtecan; Datopotamab Deruxtecan,Administered according to standard clinical practice and product label. | Administered according to standard clinical practice and product label. | Administered according to standard clinical practice and product label.,Unknown/Not Specified
NCT05922501,"Isatuximab, Bela Maf, Pom, and Dex in Relapsed/Refractory Multiple Myeloma",RECRUITING,2024-05-31,2030-12-31,Massachusetts General Hospital,OTHER,Relapsed Cancer; Refractory Multiple Myeloma; Multiple Myeloma,PHASE2,50.0,Isatuximab; Belantamab mafodotin; Pomalidomide; Dexamethasone,"An IgG1-derived monoclonal antibody that targets CD38 proteins, administered intravenously. | An antibody-drug conjugate that is the combination of an antibody targeting BCMA and a drug, administered intravenously. | An immunomodulatory agent, capsule taken orally. | A glucocorticoid which is a substance that stops inflammation cause by immune system disorders, tablet taken orally.",BCMA
NCT02606305,"Study of Mirvetuximab Soravtansine in Combination With Bevacizumab, Carboplatin, Pegylated Liposomal Doxorubicin, Pembrolizumab, or Bevacizumab + Carboplatin in Participants With Folate Receptor Alpha (FRα) Positive Advanced Epithelial Ovarian Cancer, Primary Peritoneal, or Fallopian Tube Cancer",COMPLETED,2016-03-02,2021-03-12,"ImmunoGen, Inc.",INDUSTRY,Epithelial Ovarian Cancer; Primary Peritoneal Cancer; Fallopian Tube Cancer,PHASE1; PHASE2,264.0,Mirvetuximab soravtansine; Bevacizumab; Carboplatin; Pegylated Liposomal Doxorubicin; Pembrolizumab, |  |  |  | ,Folate Receptor
NCT04400695,A Study of RC48-ADC for the Treatment of Locally Advanced or Metastatic Breast Cancer With Low Expression of HER2,UNKNOWN,2020-09-29,2024-12-30,"RemeGen Co., Ltd.",INDUSTRY,Breast Cancer,PHASE3,366.0,RC48-ADC; Paclitaxel Injection; Docetaxel Injection; Vinorelbine Tartrate Injection; Capecitabine Tablets,"RC48-ADC 2.0mg / kg, intravenous drip, once every 2 weeks | Administered according to label, as one option for Physician's Choice (determined before randomization) | Administered according to label, as one option for Physician's Choice (determined before randomization) | Administered according to label, as one option for Physician's Choice (determined before randomization) | Administered according to label, as one option for Physician's Choice (determined before randomization)",HER2
NCT06493552,Modular Trial of sEphB4-HSA in EphrinB2-High Solid Tumors,RECRUITING,2025-03-15,2034-08,"Vasgene Therapeutics, Inc",INDUSTRY,Muscle-Invasive Bladder Carcinoma; Metastatic Urothelial Carcinoma,PHASE2; PHASE3,700.0,SEphB4-HSA; Pembrolizumab; Gemcitabine; Cisplatin; Enfortumab vedotin,A recombinant protein comprised of the soluble form of human receptor EphB4 fused to human serum albumin. | Antibody to human PD-1. | A chemotherapy drug used to treat various types of cancer. | A type of chemotherapy drug called an alkylating agent used to treat various types of cancer. | Nectin-4-directed antibody and microtubule inhibitor conjugate.,Nectin-4
NCT07403136,Becotatug Vedotin ± Anti-PD-1 in Pretreated Advanced ESCC,RECRUITING,2026-04-30,2029-01-31,Fudan University,OTHER,Esophageal Squamous Cell Carcinoma,PHASE2,104.0,Vebrekotuzumab; PD-1 antibody,"This two-cohort study investigates the novel combination of vebrekotuzumab (an EGFR-targeting ADC) with a PD-1 inhibitor versus vebrekotuzumab monotherapy in patients with advanced ESCC refractory to first-line therapy. It uniquely provides a head-to-head comparison to evaluate the synergistic potential of combining targeted cytotoxicity with immune checkpoint blockade in this specific, treatment-resistant population. | The PD-1 inhibitor (e.g., pembrolizumab) will be used exclusively in Cohort 1 in combination with vebrekotuzumab. This combination is designed to simultaneously deliver targeted cytotoxicity and immune checkpoint blockade, exploring their potential synergy in patients with advanced ESCC who have progressed after first-line therapy.",EGFR
NCT05169658,Mosunetuzumab With or Without Polatuzumab Vedotin and Obinutuzumab for the Treatment of Untreated Indolent B-Cell Non-Hodgkin Lymphoma,COMPLETED,2022-03-23,2025-04-02,University of Washington,OTHER,Non-Hodgkin Lymphoma; Grade 1 Follicular Lymphoma; Grade 2 Follicular Lymphoma; Grade 3a Follicular Lymphoma; Indolent B-Cell Non-Hodgkin Lymphoma; Marginal Zone Lymphoma; Recurrent Extranodal Marginal Zone Lymphoma of Mucosa-Associated Lymphoid Tissue; Refractory Extranodal Marginal Zone Lymphoma of Mucosa-Associated Lymphoid Tissue,PHASE2,42.0,Mosunetuzumab; Obinutuzumab; Polatuzumab Vedotin; FDG-Positron Emission Tomography; Computed Tomography; Positron Emission Tomography; Bone Marrow Biopsy; Bone Marrow Aspiration; Biospecimen Collection,Given SC | Given IV | Given IV | Undergo FDG-PET and FDG-PET/CT | Undergo CT and FDG-PET/CT | Undergo PET/CT and FDG-PET/CT | Undergo bone marrow biopsy | Undergo bone marrow aspiration | Undergo blood sample collection,Unknown/Not Specified
NCT00866047,A Phase 2 Open Label Trial of Brentuximab Vedotin (SGN-35) for Systemic Anaplastic Large Cell Lymphoma,COMPLETED,2009-03,2016-06,Seagen Inc.,INDUSTRY,"Lymphoma, Large-Cell, Anaplastic; Lymphoma, Non-Hodgkin",PHASE2,58.0,brentuximab vedotin,1.8 mg/kg every 3 weeks by IV infusion,Unknown/Not Specified
NCT04538742,A Phase 1b/2 Study of T-DXd Combinations in HER2-positive Metastatic Breast Cancer,ACTIVE_NOT_RECRUITING,2020-12-28,2030-01-31,AstraZeneca,INDUSTRY,Metastatic Breast Cancer,PHASE1; PHASE2,245.0,Trastuzumab deruxtecan; Durvalumab; Paclitaxel; Pertuzumab; Tucatinib,T-DXd: administered as an IV infusion | Durvalumab: administered as an IV infusion | Paclitaxel: administered as an IV infusion | Pertuzumab: administered as an IV infusion | Tucatinib administered orally (tablet) twice daily,HER2
NCT05838521,A Study of Sacituzumab Govitecan (IMMU-132) in Patients With Recurrent or Persistent Cervical Cancer,RECRUITING,2023-06-02,2028-06-01,Yale University,OTHER,Cervical Cancer,PHASE2,20.0,Sacituzumab govitecan,This is a non-randomized Phase 2 study of sacituzumab govitecan (IMMU-132).,Unknown/Not Specified
NCT05313243,Pembrolizumab and Brentuximab Vedotin in Subjects With Relapsed/Refractory T-cell Lymphoma,RECRUITING,2023-07-10,2028-07-30,Yale University,OTHER,T-Cell Lymphoma,PHASE2,32.0,Brentuximab vedotin; Pembrolizumab,"Brentuximab vedotin is an antibody-drug conjugate medication used to treat relapsed or refractory Hodgkin lymphoma (HL) and systemic anaplastic large cell lymphoma (ALCL), a type of T cell non-Hodgkin lymphoma. It selectively targets tumor cells expressing the CD30 antigen, a defining marker of Hodgkin lymphoma and ALCL. | Pembrolizumab is a humanized antibody used in cancer immunotherapy that treats melanoma, lung cancer, head and neck cancer, Hodgkin lymphoma, stomach cancer, cervical cancer, and certain types of breast cancer.",CD30
NCT05519527,STI-6129 CD38 ADC for the Treatment of Patients With Relapsed or Refractory Systemic ALL Amyloidosis,WITHDRAWN,2022-08-16,2023-02-15,M.D. Anderson Cancer Center,OTHER,Refractory T Acute Lymphoblastic Leukemia; Acute Myeloid Leukemia (AML),PHASE1,0.0,Part 1 (STI-6129); Part 2 (STI-6129),Given by vein (IV) | Given by vein (IV),Unknown/Not Specified
NCT02465060,"Targeted Therapy Directed by Genetic Testing in Treating Patients With Advanced Refractory Solid Tumors, Lymphomas, or Multiple Myeloma (The MATCH Screening Trial)",ACTIVE_NOT_RECRUITING,2015-08-17,2026-12-31,National Cancer Institute (NCI),NIH,Advanced Lymphoma; Advanced Malignant Solid Neoplasm; Bladder Carcinoma; Breast Carcinoma; Cervical Carcinoma; Colon Carcinoma; Colorectal Carcinoma; Endometrial Carcinoma; Esophageal Carcinoma; Exocrine Pancreas Carcinoma; Gastric Carcinoma; Glioma; Head and Neck Carcinoma; Hematopoietic and Lymphoid Cell Neoplasm; Kidney Carcinoma; Liver Carcinoma; Lung Carcinoma; Lymphoma; Malignant Uterine Corpus Neoplasm; Malignant Uterine Neoplasm; Melanoma; Multiple Myeloma; Ovarian Carcinoma; Prostate Carcinoma; Rectal Carcinoma; Recurrent Bladder Carcinoma; Recurrent Breast Carcinoma; Recurrent Cervical Carcinoma; Recurrent Colon Carcinoma; Recurrent Colorectal Carcinoma; Recurrent Esophageal Carcinoma; Recurrent Gastric Carcinoma; Recurrent Glioma; Recurrent Head and Neck Carcinoma; Recurrent Liver Carcinoma; Recurrent Lung Carcinoma; Recurrent Lymphoma; Recurrent Malignant Solid Neoplasm; Recurrent Malignant Uterine Corpus Neoplasm; Recurrent Melanoma; Recurrent Multiple Myeloma; Recurrent Ovarian Carcinoma; Recurrent Pancreatic Carcinoma; Recurrent Prostate Carcinoma; Recurrent Rectal Carcinoma; Recurrent Skin Carcinoma; Recurrent Thyroid Gland Carcinoma; Refractory Lymphoma; Refractory Malignant Solid Neoplasm; Refractory Multiple Myeloma; Skin Carcinoma; Thyroid Gland Carcinoma,PHASE2,6452.0,Adavosertib; Afatinib; Afatinib Dimaleate; Binimetinib; Biopsy Procedure; Biospecimen Collection; Capivasertib; Computed Tomography; Copanlisib; Copanlisib Hydrochloride; Crizotinib; Cytology Specimen Collection Procedure; Dabrafenib; Dabrafenib Mesylate; Dasatinib; Defactinib; Defactinib Hydrochloride; Echocardiography Test; Erdafitinib; Fexagratinib; Ipatasertib; Laboratory Biomarker Analysis; Larotrectinib; Larotrectinib Sulfate; Magnetic Resonance Imaging; Multigated Acquisition Scan; Nivolumab; Osimertinib; Palbociclib; Pertuzumab; PI3K-beta Inhibitor GSK2636771; Radiologic Examination; Radionuclide Imaging; Relatlimab; Sapanisertib; Sunitinib Malate; Taselisib; Trametinib; Trastuzumab; Trastuzumab Emtansine; Ulixertinib; Vismodegib,Given PO | Given PO | Given PO | Given PO | Undergo tumor biopsy | Undergo collection of blood samples | Given PO | Undergo computed tomography (CT) | Given IV | Given IV | Given PO | Optional correlative studies | Given PO | Given PO | Given PO | Given PO | Given PO | Undergo echocardiography (ECHO) | Given PO | Given PO | Given PO | Undergo molecular analysis | Given PO | Given PO | Undergo magnetic resonance imaging (MRI) | Undergo MUGA | Given IV | Given PO | Given PO | Given IV | Given PO | Undergo radiologic evaluation | Undergo nuclear study | Given IV | Given PO | Given PO | Given PO | Given PO | Given IV | Given IV | Give PO | Given PO,Unknown/Not Specified
NCT05571618,The Rechallenge of ADCs in MBC Patients,ACTIVE_NOT_RECRUITING,2022-09-01,2025-03-01,Fudan University,OTHER,Breast Cancer,NOT_APPLICABLE,100.0,ADC,Patients with prior exposure to ADC (either in the adjuvant setting or metastatic disease are allowed).,Unknown/Not Specified
NCT07328490,Bispecific T-Cell Engager Tarlatamab and TROP2 Targeted Antibody Drug Conjugate Sacituzumab Govitecan in Previously Treated Extensive-Stage Small Cell Lung Cancer and Extrapulmonary Neuroendocrine Cancer,WITHDRAWN,2026-04-25,2026-04-25,National Cancer Institute (NCI),NIH,Extensive-Stage Small Cell Lung Cancer; Extrapulmonary Neuroendocrine Carcinoma; Small Cell Carcinoma,PHASE1; PHASE2,0.0,Tarlatamab; Sacituzumab Govitecan,"For both Phase I and Phase II, participants will receive a step dose of 1 mg of Tarlatamab (IV) followed by a full dose of 10 mg starting 7 days later (i.e., step dosing phase). Cycle 1 will begin following the Tarlatamab step-dosing (i.e., 14 days after the first dose and 7 days after the second dose of Tarlatamab alone) with participants receiving a combination of Tarlatamab (full dose) and Sacituzumab Govitecan (IV 7.5 or 10 mg/Kg) on day 1, SG alone on day 8 and Tarlatamab alone on day 15 of every cycle (4-week cycles) for up to 2 years or until disease progression/death, development of intolerable side effects. | For both Phase I and Phase II, participants will receive a step dose of 1 mg of Tarlatamab (IV) followed by a full dose of 10 mg starting 7 days later (i.e., step dosing phase). Cycle 1 will begin following the Tarlatamab step-dosing (i.e., 14 days after the first dose and 7 days after the second dose of Tarlatamab alone) with participants receiving a combination of Tarlatamab (full dose) and Sacituzumab Govitecan (IV 7.5 or 10 mg/Kg) on day 1, SG alone on day 8 and Tarlatamab alone on day 15 of every cycle (4-week cycles) for up to 2 years or until disease progression/death, development of intolerable side effects.",TROP2
NCT06340568,A Clinical Study of the Anti-cancer Effects of an Investigational Therapy or Chemotherapy in Patients With Recurring Uterine Cancer,RECRUITING,2025-06-10,2029-11,BioNTech SE,INDUSTRY,Endometrial Cancer,PHASE3,480.0,BNT323/DB-1303; Doxorubicin; Paclitaxel; Docetaxel,intravenous (IV) infusion | IV bolus or infusion | IV infusion | IV infusion,Unknown/Not Specified
NCT06362252,A Study of I-DXd in Combination With Atezolizumab With or Without Carboplatin as First-Line Induction or Maintenance in Subjects With Extensive Stage-Small Cell Lung Cancer (IDeate-Lung03),RECRUITING,2024-07-22,2026-12-30,Daiichi Sankyo,INDUSTRY,Extensive Stage-small Cell Lung Cancer,PHASE1; PHASE2,123.0,Ifinatamab deruxtecan; Atezolizumab; Carboplatin,Intravenous administration | Intravenous administration | Intravenous administration,Unknown/Not Specified
NCT07669779,A Phase II Study of AK146D1 in Combination With AK112 in Advanced Non-Small Cell Lung Cancer,NOT_YET_RECRUITING,2026-06-30,2029-05-30,Akeso,INDUSTRY,Advanced Non Small Cell Lung Cancer (NSCLC),PHASE2,348.0,AK146D1 for injection; AK112 Injection; Platinum chemotherapy; Osimertinib,AK146D1 for injection is an anti-Trop2/Nectin4 bispecific antibody-drug conjugate. | AK112 is a PD-1/VEGF bispecific antibody. | Carboplatin or cisplatin will be administered. | Osimertinib is a third-generation epidermal growth factor receptor (EGFR) tyrosine kinase inhibitor (TKI).,EGFR; Nectin-4; TROP2
NCT03505710,DS-8201a in Human Epidermal Growth Factor Receptor 2 (HER2)-Expressing or -Mutated Non-Small Cell Lung Cancer,TERMINATED,2018-05-21,2024-04-17,Daiichi Sankyo,INDUSTRY,Non-Small Cell Lung Cancer,PHASE2,181.0,Trastuzumab deruxtecan,"Antibody component covalently conjugated to a drug component, prepared by dilution based on body weight for intravenous (IV) infusion.",HER2
NCT02573324,A Study of ABT-414 in Participants With Newly Diagnosed Glioblastoma (GBM) With Epidermal Growth Factor Receptor (EGFR) Amplification,COMPLETED,2015-01-04,2022-04-04,AbbVie,INDUSTRY,Glioblastoma; Gliosarcoma,PHASE3,691.0,Temozolomide; Depatuxizumab mafodotin; Radiation; Placebo for ABT-414,Oral Capsule | Intravenous (IV) Infusion |  | IV Infusion (IV),EGFR
NCT05609968,Study of Pembrolizumab (MK-3475) Monotherapy Versus Sacituzumab Govitecan in Combination With Pembrolizumab for Participants With Metastatic Non-small Cell Lung Cancer (NSCLC) With Programmed Cell Death Ligand 1 (PD-L1) Tumor Proportion Score (TPS) ≥50% (MK-3475-D46),ACTIVE_NOT_RECRUITING,2023-02-06,2028-08-23,Merck Sharp & Dohme LLC,INDUSTRY,"Carcinoma, Non-Small-Cell Lung",PHASE3,614.0,Sacituzumab Govitecan; Pembrolizumab,IV infusion | IV infusion,Unknown/Not Specified
NCT07667335,"Enfortumab Vedotin, Pembrolizumab and Quemliclustat for the Treatment of Unresectable Locally Advanced and Metastatic Urothelial Cancer",NOT_YET_RECRUITING,2026-12-01,2029-07-16,Fred Hutchinson Cancer Center,OTHER,Locally Advanced Bladder Urothelial Carcinoma; Locally Advanced Renal Pelvis Urothelial Carcinoma; Locally Advanced Ureter Urothelial Carcinoma; Metastatic Bladder Giant Cell Urothelial Carcinoma; Metastatic Renal Pelvis Urothelial Carcinoma; Metastatic Ureter Urothelial Carcinoma; Stage IIIB Bladder Cancer AJCC v8; Stage IV Bladder Cancer AJCC v8; Stage IV Renal Pelvis Cancer AJCC v8; Stage IV Ureter Cancer AJCC v8; Unresectable Bladder Urothelial Carcinoma; Unresectable Renal Pelvis Urothelial Carcinoma; Unresectable Ureter Urothelial Carcinoma,PHASE1; PHASE2,27.0,Quemliclustat; Biospecimen Collection; Computed Tomography; Enfortumab Vedotin; Magnetic Resonance Imaging; Pembrolizumab; Biopsy Procedure,Given IV | Undergo blood sample collection | Undergo CT scan | Given IV | Undergo MRI | Given IV | Undergo tumor biopsy,Unknown/Not Specified
NCT05493683,Disitamab Vedotin Combined With Tislelizumab in Advanced HER2 Positive Colorectal Cancer,UNKNOWN,2022-08-01,2025-07,The First Affiliated Hospital with Nanjing Medical University,OTHER,Colorectal Neoplasms,PHASE2,29.0,Disitamab vedotin; Tislelizumab,2.0mg/kg，q2w | 400mg，q6w,HER2
NCT06234423,A Study of CUSP06 in Patients With Platinum-Refractory/Resistant Ovarian Cancer and Other Advanced Solid Tumors,RECRUITING,2024-02-09,2027-10-31,"OnCusp Therapeutics, Inc.",INDUSTRY,Ovarian Cancer; Solid Tumor,PHASE1,263.0,CUSP06,Antibody drug conjugate (ADC),Unknown/Not Specified
NCT05622890,"A Single-arm Clinical Trial of IMGN853 in Chinese Adult Patients With Platinum-resistant, Epithelial Ovarian Cancer",UNKNOWN,2022-08-18,2023-12-31,"Hangzhou Zhongmei Huadong Pharmaceutical Co., Ltd.",INDUSTRY,Epithelial Ovarian Cancer; Peritoneal Cancer; Fallopian Tube Cancer,PHASE3,35.0,Mirvetuximab Soravtansine,"Mirvetuximab Soravtansine is an antibody drug conjugate designed to target folate receptor α (FRα). It consists of the humanized anti-FRα mAb M9346A attached via a cleavable disulfide linker to the cytotoxic maytansinoid, DM4.",Folate Receptor
NCT04014075,DS-8201a in HER2-positive Gastric Cancer That Cannot Be Surgically Removed or Has Spread (DESTINY-Gastric02),COMPLETED,2019-11-26,2024-02-13,Daiichi Sankyo,INDUSTRY,Adenocarcinoma Gastric Stage IV With Metastases; Adenocarcinoma - GEJ,PHASE2,79.0,Trastuzumab deruxtecan,"Antibody component covalently conjugated to a drug component, prepared by dilution based on body weight for intravenous (IV) infusion",HER2
NCT05205850,A Study of RC118 in Patients with Locally Advanced Unresectable or Metastatic Malignant Solid Tumors,RECRUITING,2022-03-03,2025-12-01,"RemeGen Co., Ltd.",INDUSTRY,Advanced Solid Tumor,PHASE1; PHASE2,135.0,RC118-ADC,"RC118 for injection is a novel antibody-drug conjugate, with a Claudin 18.2-targeting antibody and a microtube inhibitor",Claudin18.2
NCT01100502,A Phase 3 Study of Brentuximab Vedotin (SGN-35) in Patients at High Risk of Residual Hodgkin Lymphoma Following Stem Cell Transplant (The AETHERA Trial),COMPLETED,2010-04-30,2020-04-27,Seagen Inc.,INDUSTRY,"Disease, Hodgkin",PHASE3,329.0,brentuximab vedotin; placebo,Every 21 days by IV infusion (1.8 mg/kg) | Every 21 days by IV infusion,Unknown/Not Specified
NCT07230977,GenSci139 in Patients With Advanced Solid Tumors,RECRUITING,2025-11-19,2029-01-08,"Changchun GeneScience Pharmaceutical Co., Ltd.",INDUSTRY,Advanced Solid Tumors,PHASE1,280.0,GenSci139,GenSci139 is a bispecific antibody drug conjugate targeting EGFR and HER2.,EGFR; HER2
NCT05338957,A Study of MRG002 in the Treatment of Patients With HER2-expressed Advanced Malignant Solid Tumors.,UNKNOWN,2022-08-05,2024-12,Shanghai Miracogen Inc.,INDUSTRY,Advanced Malignant Solid Tumors,PHASE1; PHASE2,30.0,MRG002+HX008,Administrated intravenously,HER2
NCT03809013,"A Open-label, Single-arm, Multicenter, Phase II Study of RC48-ADC to Evaluate the Efficacy and Safety of Subjects With HER2 Overexpressing Locally Advanced or Metastatic Urothelial Cancer",COMPLETED,2019-01-07,2023-06-05,"RemeGen Co., Ltd.",INDUSTRY,Urothelial Carcinoma,PHASE2,64.0,RC48-ADC,2.0mg/kg IV every 2 weeks,HER2
NCT06928363,A First-in-human Study of KY-0301 in Patients With Advanced Solid Tumors.,NOT_YET_RECRUITING,2025-05-01,2027-12-15,"Novatim Immune Therapeutics (Zhejiang) Co., Ltd.",INDUSTRY,Solid Tumors,PHASE1; PHASE2,212.0,KY-0301,"KY-0301 is an antibody-drug conjugate (ADC) targeting both EGFR and c-Met, developed independently by Novatim Immune Therapeutics (Zhejiang) Co., Ltd",EGFR; c-Met
NCT04665765,"Polatuzumab Vedotin, Rituximab, Ifosfamide, Carboplatin, and Etoposide (PolaR-ICE) as Initial Salvage Therapy for the Treatment of Relapsed/Refractory Diffuse Large B-Cell Lymphoma",ACTIVE_NOT_RECRUITING,2021-01-18,2026-07-01,City of Hope Medical Center,OTHER,Diffuse Large B-Cell Lymphoma Unclassifiable; Recurrent Diffuse Large B-Cell Lymphoma; Recurrent Primary Mediastinal (Thymic) Large B-Cell Cell Lymphoma; Recurrent Transformed B-Cell Non-Hodgkin Lymphoma; Refractory Diffuse Large B-Cell Lymphoma; Refractory Primary Mediastinal (Thymic) Large B-Cell Cell Lymphoma; Refractory Transformed B-Cell Non-Hodgkin Lymphoma,PHASE2,41.0,Carboplatin; Etoposide; Ifosfamide; Polatuzumab Vedotin; Rituximab,Given IV | Given IV | Given IV | Given IV | Given IV,Unknown/Not Specified
NCT01716806,A Study of Brentuximab Vedotin With Hodgkin Lymphoma (HL) and CD30-expressing Peripheral T-cell Lymphoma (PTCL),COMPLETED,2012-10-31,2023-09-12,Seagen Inc.,INDUSTRY,Hodgkin Disease; Peripheral T Cell Lymphoma,PHASE2,131.0,brentuximab vedotin; bendamustine; dacarbazine; nivolumab,1.8 mg/kg every 3 weeks by IV infusion | 70 mg/m\^2 by IV infusion on Days 1 and 2 of 3-week cycle | 375 mg/m\^2 every 3 weeks by IV infusion | 3 mg/kg every 3 weeks by IV infusion,CD30
NCT07578116,Adding Surgery and Radiation to the Usual Treatment for HER2-Positive Breast Cancer That Had Already Spread at Diagnosis,NOT_YET_RECRUITING,2027-03-09,2033-05-31,SWOG Cancer Research Network,NETWORK,Anatomic Stage IV Breast Cancer AJCC v8; Metastatic HER2-Positive Breast Carcinoma; Oligometastatic Breast Carcinoma,PHASE3,562.0,Biopsy Procedure; Biospecimen Collection; Breast Conservation Treatment; Computed Tomography; Cyclin-Dependent Kinase 4 Inhibitor; Cyclin-Dependent Kinase 6 Inhibitor; Echocardiography Test; HER2-targeted Therapy; Hormone Therapy; Magnetic Resonance Imaging; Mammography; Pertuzumab; Positron Emission Tomography; Radiation Boost; Radiation Therapy; Stereotactic Body Radiation Therapy; Stereotactic Radiosurgery; Taxane Compound; Total Mastectomy; Trastuzumab; Trastuzumab Deruxtecan; Trastuzumab Emtansine; Ultrasound Imaging,Undergo biopsy | Undergo collection of blood samples | Undergo breast conserving therapy | Undergo CT and/or PET/CT | Given CDK4/6 inhibitor | Given CDK4/6 inhibitor | Undergo ECHO | Receive HER2-targeted systemic therapy | Given endocrine therapy | Undergo MRI | Undergo mammography | Given pertuzumab | Undergo PET/CT | Undergo RT boost | Undergo RT | Undergo SBRT | Undergo SRS/SRT | Given taxane therapy | Undergo total mastectomy | Given trastuzumab | Given T-DXd | Given T-DM1 | Undergo ultrasound,HER2
NCT05064358,Study to Investigate Alternative Dosing Regimens of Belantamab Mafodotin in Participants With Relapsed or Refractory Multiple Myeloma,COMPLETED,2022-03-03,2026-02-10,GlaxoSmithKline,INDUSTRY,Multiple Myeloma,PHASE2,177.0,Belantamab mafodotin,Belantamab mafodotin will be administered.,Unknown/Not Specified
NCT04231877,Polatuzumab Vedotin and Combination Chemotherapy With or Without Glofitamab for the Treatment of Untreated Aggressive Large B-cell Lymphoma,RECRUITING,2020-10-27,2031-12-01,University of Washington,OTHER,"Aggressive Non-Hodgkin Lymphoma; ALK-Positive Large B-Cell Lymphoma; Diffuse Large B-Cell Lymphoma, Not Otherwise Specified; EBV-Positive Diffuse Large B-Cell Lymphoma, Not Otherwise Specified; High Grade B-Cell Lymphoma With MYC and BCL2 and/or BCL6 Rearrangements; High Grade B-Cell Lymphoma, Not Otherwise Specified; Primary Mediastinal Large B-Cell Lymphoma; T-Cell/Histiocyte-Rich Large B-Cell Lymphoma; Gray-Zone Lymphoma",PHASE1,56.0,Polatuzumab Vedotin; Rituximab; Prednisone; Etoposide; Doxorubicin; Cyclophosphamide; Glofitamab; Multigated Acquisition Scan; Echocardiography Test; FDG-Positron Emission Tomography; Computed Tomography; Bone Marrow Biopsy; Biospecimen Collection; Bone Marrow Aspiration,Given IV | Given IV | Given PO | Given IV | Given IV | Given IV | Given IV | Undergo MUGA scan | Undergo echocardiography | Undergo FDG-PET scan | Undergo CT scan | Undergo bone marrow biopsy | Undergo blood sample collection | Undergo bone marrow aspiration,Unknown/Not Specified
NCT07307053,Rare Tumor Focused Platform Study of Innovative Therapies and Technologies (PLATFORM2),NOT_YET_RECRUITING,2026-01-01,2031-01-31,"Cancer Institute and Hospital, Chinese Academy of Medical Sciences",OTHER,Rare Malignant Neoplasm; Advanced Solid Tumors; Metastatic Solid Tumors,PHASE1; PHASE2,600.0,BL-B01D1; VSV injection; CVL006; IDOV-SAFE; KXV01 TCR Lentinvivo Injection; MT027; QH101; Meta10-TIL; TAEST1901; TC-N201; NK510; CE120; GV20-0251; LYC001; YSCH-01; BMD006; CREPT-618; PRG2505; IBI363; YL-201,"BL-B01D1 is a first-in-class novel ADC consisting of an EGFRxHER3 bispecific antibody linked to a novel TOP-I inhibitor payload via a cleavable linker. | VSV injection uses a genetically engineered vesicular stomatitis virus (designated OVV-00) with enhanced safety and oncolytic activity as a vector platform, leveraging tumor cells as ""biological factories"" to express and produce multiple different universal tumor antigens and various bispecific or multispecific antibodies. | CVL006, a novel bispecific antibody, by fusing an anti-PD-L1 VHH domain with a humanized IgG1 anti-VEGF monoclonal antibody | IDOV-SAFETM is third-generation poxvirus oncolytic virus product. The most common treatment-related adverse events of the first-generation virus were fever (63.0%, including 3.7% grade 3) and abdominal pain (51.9%, including 7.4% grade 3). No grade 4 TRAEs occurred, and there were no treatment-related drug discontinuations or deaths, demonstrating good safety. | KXV01 is a first-in-class, novel, individualized TCR-T cell therapy generated in vivo. It consists of a structurally modified, third-generation, self-inactivating lentiviral vector carrying patient-specific tumor-targeting TCR sequences. | MT027 is an allogeneic universal chimeric antigen receptor T-cell (UCAR-T) injection targeting B7-H3. It consists of genetically engineered T cells that specifically recognize and kill cancer cells expressing B7-H3 antigen. | QH101 is an allogeneic TCR-enhanced Vδ2 T cell therapy product. It enhances the recognition of BTN proteins by introducing a specific binding element on the cell surface, utilizing the inherent killing ability of Vδ2 T cells to improve the efficiency of tumor cell killing. Simultaneously, QH101 does not express co-stimulatory signaling domains or CD3ζ domains, avoiding exhaustion caused by over-activation and effectively enhancing the persistence of cells in vivo. | Meta10-TIL is a metabolically enhanced tumor-infiltrating lymphocyte product genetically modified to autonomously secrete IL-10, enhancing T-cell proliferation, persistence, and anti-tumor activity. | TAEST1901 is a TCR-T cell therapy targeting the HLA-A\*02:01/AFP antigen complex. It involves transducing patient-derived autologous T cells with a lentiviral vector encoding a high-affinity TCR gene. | TC-N201 is a genetically engineered TCR-T cell product that recognizes the HLA-A2-restricted NY-ESO-1 tumor antigen and secretes an anti-PD-1 single-chain variable fragment (scFv). It is designed to enhance antitumor immunity by combining TCR-mediated tumor cell killing with local blockade of the PD-1/PD-L1 immune checkpoint pathway within the tumor microenvironment. | NK510 is a first-in-class, base-edited allogeneic natural killer (NK) cell product derived from healthy donor PBMCs. It utilizes RNP-based base editing technology to knock out the TIGIT gene, an inhibitory receptor that binds to CD155 on tumor cells. By eliminating TIGIT-mediated suppression, NK510 enhances intrinsic NK cell antitumor activity and demonstrates improved efficacy against CD155-expressing solid tumors. | CE120 is an innovative tumor immunotherapy that utilizes platelet membranes to cloak nanoparticles loaded with the immune activator R848, enabling tumor-targeted delivery via the natural adhesion of platelets to tumor cells. Upon intratumoral injection, CE120 activates local and systemic antitumor immune responses, including the induction of immune memory, to inhibit tumor growth, prevent recurrence, and clear tumors. | GV20-0251 is a monoclonal antibody targeting the highly conserved immunomodulatory protein IGSF8; it blocks the interaction between IGSF8 and its receptors on NK and DC cells, thereby conferring a mechanistic advantage in reversing immune resistance. | LYC001 is a PEG2000-DSPE-stabilized high-affinity IL-2 complex that maintains IL-2 in a uniform bound state, preventing the release of free IL-2 after dilution in body fluids. | YSCH-01 is a replication-dual-regulated human adenovirus type 5 vector engineered to selectively replicate in tumor cells and deliver an optimized recombinant pseudo-interferon gene (L-IFN), enabling high-level intratumoral L-IFN expression and secretion; through simultaneous oncolytic viral replication and potent immune stimulation, YSCH-01 achieves a dual antitumor mechanism that directly kills cancer cells while activating robust antitumor immune responses with minimal toxicity to normal tissues. | BMD006 is an inhaled mRNA tumor-associated antigen dry powder vaccine targeting lung cancer and solid tumors with lung metastasis, classified as an off-the-shelf anti-tumor product. | CREPT-618 Injection is an investigational nucleic acid-based therapeutic drug developed by Heya (Beijing) Pharmaceutical Technology Co., Ltd. It represents a cutting-edge approach in pharmaceutical technology, falling under the category of small nucleic acid drugs, which are considered a ""third generation"" of therapeutics following small molecules and antibodies. | PRG2505 (developmental code: V001 Injection) is an investigational in vivo chimeric antigen receptor T-cell (CAR-T) therapy developed by Pregene Biotech. It represents a novel approach that aims to generate CAR-T cells directly inside the patient's body, bypassing the complex and time-consuming traditional ex vivomanufacturing process. | IBI363 is a novel therapeutic drug independently developed by Innovent Biologics (Suzhou) Co., Ltd. Its active ingredient is a PD-1/IL-2 bispecific fusion protein, which simultaneously possesses dual functions: blocking the PD-1/PD-L1 pathway and activating the IL-2 pathway | YL-201 is an investigational antibody-drug conjugate (ADC) developed by MediLink Therapeutics that targets B7-H3 (CD276), an immune checkpoint protein overexpressed on various solid tumor cells.",B7-H3; EGFR
NCT07238075,ADCX-020 for the Treatment of Patients With Locally Advanced or Metastatic Cancers,RECRUITING,2026-02-23,2029-11-30,Adcytherix SAS,INDUSTRY,Advanced Malignancy; Advanced Solid Cancers; Metastatic Solid Tumors,PHASE1,290.0,ADCX-020,ADC,Unknown/Not Specified
NCT05611853,"Study of BN301, an Anti-CD74 Antibody Drug Conjugate, in Patients With Advanced B-Cell Malignancies",TERMINATED,2022-11-25,2023-12-25,BioNova Pharmaceuticals (Shanghai) LTD.,INDUSTRY,B-cell Lymphoma; Non Hodgkin Lymphoma; Diffuse Large B Cell Lymphoma; Follicular Lymphoma; Mantle Cell Lymphoma,PHASE1; PHASE2,9.0,BN301,"BN301 will be administered intravenously on Day 1 of every 21-day cycle until disease progression, intolerable toxicity, withdrawal of consent, loss to follow-up, death, or other conditions in which patients are not suitable for study treatment, whichever occurs first. Since this is the first time BN301 will be used in Chinese patients, it is planned to enroll 1 subject at the first dose level of 3.5 mg/kg.",Unknown/Not Specified
NCT07110883,A Clinical Study of SYS6023 in Patients With Advanced Solid Tumors,RECRUITING,2024-08-15,2028-10-31,"CSPC Megalith Biopharmaceutical Co.,Ltd.",INDUSTRY,Advanced Solid Tumor,PHASE1,400.0,SYS6023,"SYS6023 is a novel antibody-drug conjugate (ADC) targeting HER3, administered via intravenous infusion.",Unknown/Not Specified
NCT04724018,Sacituzumab Govitecan Plus EV in Metastatic UC,RECRUITING,2021-05-20,2028-05-01,Dana-Farber Cancer Institute,OTHER,Urothelial Cancer; Metastatic Urothelial Carcinoma; Metastatic Urothelial Carcinoma of the Renal Pelvis and Ureter; Bladder Cancer,PHASE1; PHASE2,106.0,Sacituzumab Govitecan (SG); Enfortumab vedotin-ejfv (EV); Pembrolizumab,Intravenous infusion | Intravenous infusion | Intravenous infusion,Unknown/Not Specified
NCT06710379,A Study of ADRX-0405 in Subjects With Select Advanced Solid Tumors,RECRUITING,2024-12-30,2026-12,Adcentrx Therapeutics,INDUSTRY,Solid Tumors,PHASE1,68.0,ADRX-0405,Antibody Drug Conjugate targeting STEAP1,Unknown/Not Specified
NCT02724163,International Randomised Phase III Clinical Trial in Children With Acute Myeloid Leukaemia,ACTIVE_NOT_RECRUITING,2016-04,2032-12,University of Birmingham,OTHER,Acute Myeloid Leukaemia,PHASE3,700.0,Gemtuzumab ozogamicin; Liposomal daunorubicin; Mitoxantrone; Fludarabine; Cytarabine; Busulfan; Cyclophosphamide,"Antibody-conjugated chemotherapy agent. | Anthracycline

(Randomisation 1 (R1)) closed early to recruitment on 8th September 2017, due to liposomal daunorubicin manufacturing issues resulting in unavailability of the drug. | DNA-reactive agent | A water-soluble fluorinated nucleotide analogue of the antiviral agent vidarabine. | Pyrimidine nucleoside analogue, an antineoplastic agent. | Alkylsulfonate | A nitrogen mustard alkylating agent from the oxazaphosphorine group",Unknown/Not Specified
NCT07684612,A Study to Investigate Mocertatug Rezetecan With Bevacizumab Compared With Platinum Doublet With Bevacizumab in Participants With Platinum-sensitive Ovarian Cancer (BEHOLD-Ovarian02),NOT_YET_RECRUITING,2026-09-22,2033-04-22,GlaxoSmithKline,INDUSTRY,Ovarian Neoplasms,PHASE3,690.0,Mocertatug rezetecan (Mo-Rez); Carboplatin; Paclitaxel; Gemcitabine; Pegylated liposomal doxorubicin (PLD); Bevacizumab,Mocertatug rezetecan will be administered | Carboplatin will be administered | Paclitaxel will be administered | Gemcitabine will be administered | PLD will be administered | Bevacizumab will be administered,Unknown/Not Specified
NCT02592876,Treatment Study of Denintuzumab Mafodotin (SGN-CD19A) Plus RICE Versus RICE Alone for Diffuse Large B-Cell Lymphoma,TERMINATED,2015-10,2018-04-20,Seagen Inc.,INDUSTRY,"Lymphoma, B-cell; Lymphoma, Large B-Cell, Diffuse; Lymphoma, Follicular, Grade 3b; Follicular Lymphoma, Grade 3b",PHASE2,81.0,denintuzumab mafodotin; rituximab; ifosfamide; carboplatin; etoposide,"Denintuzumab mafodotin 3 mg/kg by intravenous (IV) infusion, every 3 weeks for up to 3 cycles. | 375 mg/m\^2 by IV infusion, every 3 weeks for up to 3 cycles | 5000 mg/m\^2 by IV infusion over a 24-hour period, every 3 weeks for up to 3 cycles | AUC 5mg/mL x min by IV infusion, every 3 weeks for up to 3 cycles | 100 mg/m\^2 per day by IV infusion for 3 days, every 3 weeks for up to 3 cycles",CD19
NCT01695044,A Study of PSMA ADC in Subjects With Metastatic Castration-resistant Prostate Cancer (mCRPC),COMPLETED,2012-09,2015-02,"Progenics Pharmaceuticals, Inc.",INDUSTRY,Prostate Cancer,PHASE2,119.0,PSMA ADC,PSMA ADC administered IV at 2.5 mg/kg Q3W for 8 cycles or 2.3 mg/kg Q3W for 8 cycles.,PSMA
NCT01807598,Brentuximab Vedotin in Treating Patients With Advanced Systemic Mastocytosis or Mast Cell Leukemia,COMPLETED,2013-09,2017-09,Jason Robert Gotlib,OTHER,Aggressive Systemic Mastocytosis; Mast Cell Leukemia; Systemic Mastocytosis,PHASE2,10.0,Brentuximab vedotin,,Unknown/Not Specified
NCT01950364,A Phase 1 Study in Patients With Relapsed or Refractory Hodgkin Lymphoma or Systemic Anaplastic Large Cell Lymphoma,COMPLETED,2013-11,2015-06,"Millennium Pharmaceuticals, Inc.",INDUSTRY,Hodgkin Lymphoma; Anaplastic Large-cell Lymphoma,PHASE1,20.0,brentuximab vedotin; Brentuximab vedotin and rifampicin,"Brentuximab vedotin will be administered every 3 weeks at a dose of 1.8 mg/kg. | Brentuximab vedotin will be administered every 3 weeks at a dose of 1.8 mg/kg beginning on Cycle 1, Day 1; daily rifampicin (600 mg PO) will be administered during Cycles 0 through 3 only, beginning on Cycle 0, Day 1 (7 days before the Cycle 1, Day 1 dose of brentuximab vedotin) and continuing through Cycle 3, Day 21.",Unknown/Not Specified
NCT07459673,HERizon-Breast: A ctDNA-Guided Adaptive Study of Sequential Anti-HER2 Therapies and CNS Prophylaxis to Induce Long-Term Remission,RECRUITING,2026-03-04,2030-03-04,Memorial Sloan Kettering Cancer Center,OTHER,Breast Cancer; HER2-positive Breast Cancer; Breast Cancer Stage IV,PHASE2,60.0,"Personalis NeXT Personal; Natera Signatera; fam-trastuzumab deruxtecan-nxki (T-DXd); pertuzumab, called T-DXd+P",The use of this assay is expected to optimize treatment without introducing significant new risks or deviating from approved therapeutic protocols. | The use of this assay is expected to optimize treatment without introducing significant new risks or deviating from approved therapeutic protocols. | T-DXd is a HER2-targeting antibody drug conjugate that consists of an anti-HER2 antibody. | intravenous (IV) infusion,HER2
NCT04837508,"A Study of MRG002 in the Treatment of HER2-positive Unresectable, Locally Advanced or Metastatic Biliary Tract Cancer",UNKNOWN,2021-06-07,2023-08,Shanghai Miracogen Inc.,INDUSTRY,Advanced or Metastatic Biliary Tract Cancer,PHASE2,86.0,MRG002,Administrated intravenously,HER2
NCT07654426,The CARDIOPROTECT Trial,NOT_YET_RECRUITING,2026-10-02,2035-12-31,Beth Israel Deaconess Medical Center,OTHER,Diffuse Large B-cell Lymphoma (DLBCL); Cardiotoxicity; Lymphoma,PHASE2,60.0,Dexrazoxane; Dexrazoxane placebo; Doxorubicin; Liposomal Doxorubicin; Cyclophosphamide; Vincristine; Prednisone; Rituximab; Polatuzumab Vedotin,"Topoisomerase II Inhibitor, single-dose vial, via intravenous infusion per protocol. | Dexrazoxane placebo via intravenous infusion per protocol. | Topoisomerase II Inhibitors, single-dose vial, via intravenous infusion per protocol. | Topoisomerase II Inhibitors, single-dose vial, via intravenous infusion per protocol. | Lymphodepleting chemotherapy, multi-dose vial, via intravenous infusion per standard of care. | vinca alkaloid, single-dose vial, via intravenous infusion per standard of care. | Glucocorticoid, tablet taken orally per standard of care. | Anti-CD20 antibody, single-use vials, via intravenous infusion per standard of care. | CD79b-directed antibody-drug conjugate, single-dose vial, via intravenous infusion per standard of care.",CD20; CD79b
NCT01393717,Brentuximab Vedotin Before Autologous Stem Cell Transplant in Treating Patients With Hodgkin Lymphoma,COMPLETED,2011-10-20,2017-02-01,City of Hope Medical Center,OTHER,Recurrent Hodgkin Lymphoma; Refractory Hodgkin Lymphoma,PHASE2,57.0,brentuximab vedotin,Given IV,Unknown/Not Specified
NCT06439693,The SAPPHO Study: Sequential Therapy With Curative Intent in de Novo HER2+ Metastatic Breast Cancer,RECRUITING,2024-08-08,2033-03-30,Dana-Farber Cancer Institute,OTHER,Breast Cancer Female; Breast Cancer; Breast Cancer Metastatic; Estrogen Receptor-positive Breast Cancer; HER2-positive Breast Cancer; Stage IV Breast Cancer,PHASE2,72.0,Nab-Paclitaxel; Paclitaxel; Docetaxel; Phesgo; T-DM1; Pertuzumab; Trastuzumab Deruxtecan; Trastuzumab Subcutaneous Subcutaneous; Tucatinib; Trastuzumab,"Anti-microtubule agent, via intravenous (into the vein) infusion per institutional guidelines. | Anti-microtubule agent, via intravenous infusion per institutional guidelines. | Anti-microtubule agent, via intravenous infusion per institutional guidelines. | Pertuzumab plus trastuzumab plus hyaluronidase-zzxf, 10 or 15mL single-dose vial, via subcutaneous (under the skin) injection per protocol. | HER2-targeted antibody-drug conjugate, 16 or 100 mg single-use vials, via intravenous infusion per institutional guidelines. | Recombinant humanized monoclonal antibody, 20mL single-use vial, via intravenous infusion per institutional guidelines. | HER2-directed antibody drug conjugate, 100mg vial, via intravenous infusion per institutional guidelines. | Humanized IgG1 kappa monoclonal antibody, 6mL vial, via subcutaneous injection per institutional guidelines. | Tyrosine Kinase HER2 Inhibitor, 50 or 150mg tablet taken orally per institutional guidelines. | Humanized IgG1 kappa monoclonal antibody, 150 mg single-dose vial, via intravenous infusion per institutional guidelines.",HER2
NCT06951243,A Trial of MHB088C in Advanced Extrapulmonary Neuroendocrine Cancer,NOT_YET_RECRUITING,2025-05-06,2028-05-06,Beijing GoBroad Hospital,OTHER,Advanced Extrapulmonary Neuroendocrine Cancer,PHASE2,40.0,MHB088C for Injection (B7-H3 ADC),"MHB088C for Injection, an antibody drug-conjugated molecule (ADC), is conjugated from a humanized monoclonal antibody targeting the B7-H3 molecule and a DNA topoisomerase I inhibitor (TOP1i) via protease-hydrolyzable linkers.The intervention will be administered intravenously at a dose of 2.0 mg/kg every 2 weeks (Q2W) until disease progression, withdrawal from the study, or death.",B7-H3
NCT07590531,AMT-116 in Combination With Ivosidan in Patients With Lung Cancer,NOT_YET_RECRUITING,2026-05-01,2027-12-31,Multitude Therapeutics Inc.,INDUSTRY,Advanced Non-small Cell Lung Cancer (NSCLC),PHASE1; PHASE2,118.0,AMT-116; AK112,AMT-116 is an antibody Drug Conjugate (ADC) | AK112 is a PD-1/VEGF bispecific tumor immunotherapy drug,Unknown/Not Specified
NCT03904251,CPX-351 and Gemtuzumab Ozogamicin in Treating Patients With Relapsed Acute Myeloid Leukemia,TERMINATED,2019-07-18,2023-10-25,Jonsson Comprehensive Cancer Center,OTHER,Acute Myelogenous Leukemia,PHASE1,13.0,Gemtuzumab Ozogamicin; Liposome-encapsulated Daunorubicin-Cytarabine,Given IV | Given IV,Unknown/Not Specified
NCT07294430,Antibody-based PET Imaging and Treatment Response in Breast Cancer Treated With an Antibody-drug Conjugate.,NOT_YET_RECRUITING,2025-12-31,2030-12-31,UNICANCER,OTHER,Locally Advanced or Metastatic Breast Cancer,PHASE2,30.0,Immuno-PET,"Realization of an advanced molecular imaging exam to visualize the T-DXd target (HER2) expression throughout the body, at baseline and at treatment discontinuation. This procedure relies on the administration to the patient of a radioactive tracer \[89Zr\]-anti-HER2.

This experimental imaging is associated to standard FDG-PET scans for tumor assessment.",HER2
NCT04878029,Cabozantinib in Combination With Enfortumab Vedotin for Locally Advanced or Metastatic Urothelial Cancer,RECRUITING,2021-07-23,2028-12-21,Emory University,OTHER,Infiltrating Bladder Urothelial Carcinoma With Squamous Differentiation; Locally Advanced Urothelial Carcinoma; Metastatic Urothelial Carcinoma; Unresectable Urothelial Carcinoma,PHASE1,32.0,Cabozantinib S-malate; Enfortumab Vedotin; Quality-of-Life Assessment; Questionnaire Administration,Given PO | Given IV | Ancillary studies | Ancillary studies,Unknown/Not Specified
NCT07408063,A Comprehensive Multiomic Biomarker Evaluation Across Two Single-arm Cohorts to Elucidate Mechanisms of Response and Resistance in Recurrent/Metastatic (R/M) Head and Neck Squamous Cell Carcinoma (HNSCC),RECRUITING,2026-04-27,2031-03-01,"University Health Network, Toronto",OTHER,Recurrent/Metastatic Head and Neck Squamous Cell Carcinoma,PHASE2,30.0,GSK5764227; Dostarlimab,"GSK5764227 is a new kind of drug known as an antibody drug conjugate (ADC). GSK5764227 works by recognizing and attaching to a substance known as B7-H3 that is found on the surface of certain tumor cells. Once GSK5764227 binds to B7-H3, it enters the tumor cell and releases a chemotherapy-type drug (known as GSK5757810) which has been shown to damage and kill tumor cells. | Dostarlimab belongs to a class of drugs called PD-1 inhibitors that use your own immune system to treat cancer (immunotherapy). Dostarlimab is designed to help your immune system by attaching to a protein called PD-1 and stopping one of the signals that keeps your immune system from recognizing the cancer. This may help your immune system attack and destroy the cancer cells. Dostarlimab is approved in some countries to treat patients with endometrial cancer (cancer of the uterus) that is advanced or has relapsed. It is also approved in the United States for all solid cancers that have a particular tumor genetic characteristic and have worsened during or after previous treatment. Dostarlimab has not yet been approved by Health Canada to treat head and neck cancer.",B7-H3
NCT07584499,Phase I Study of Becotatug Vedotin for Safety and Efficacy in EGFR-Positive Pediatric Relapsed/Refractory or Metastatic Solid Tumors,RECRUITING,2026-05-30,2028-05-30,Sun Yat-sen University,OTHER,Head and Neck Squamous Cell Carcinoma (HNSCC) - Recurrent/Metastatic (R/M); Nasopharyngeal Carcinoma; Lymphoepithelial Carcinoma; Rhabdomyosarcoma; Neuroblastoma; Medulloblastoma; Wilms Tumor; Atypical Teratoid/Rhabdoid Tumors; Diffuse Intrinsic Pontine Gliomas; Other EGFR-positive Pediatric Solid Tumors Deemed Eligible by the Investigator,PHASE1,51.0,Becotatug Vedotin,"Study Drug: Becotatug Vedotin (MRG003) for Injection (lyophilized powder, 20 mg/vial) Route: Intravenous (IV) infusion over 30 minutes to 3 hours Schedule: Every 3 weeks (Q3W) on Day 1 of each 21-day cycle Maximum Treatment Duration: Up to 8 cycles (24 weeks); patients with confirmed clinical benefit (objective response or stable disease) may continue treatment beyond 8 cycles until disease progression, unacceptable toxicity, withdrawal of consent, or study termination",EGFR
NCT05582499,Fudan University Shanghai Cancer Center Breast Cancer Precision Platform Series Study- Neoadjuvant Therapy,RECRUITING,2022-11-01,2029-09,Fudan University,OTHER,Breast Neoplasm; Breast Cancer; Breast Tumors; Triple-Negative Breast Cancer (TNBC); HER2-positive Breast Cancer; HER2-negative Breast Cancer; Hormone Receptor Positive Tumor; Hormone Receptor Negative Tumor; Early-stage Breast Cancer; Locally Advanced Breast Cancer,PHASE2,716.0,Dalpiciclib; Pyrotinib; SHR-A1811; SHR-1316; Camrelizumab; SHR-A1921; Pertuzumab; Trastuzumab; Goserelin; Letrozole; Nab paclitaxel; Carboplatin; Epirubicin; Cyclophosphamide; Fluzoparib; Apatinib; Famitinib; HB1801; LEM; TQB2102; Benmelstobart; Anlotinib; TQB2868; Ivonescimab; JS207; JSKN003; HRS-4508; SHR-4602; paclitaxel; HRS-6209; 9MW2821; IBI354; Stereotactic Body Radiation Therapy (SBRT),an oral cyclin-dependent kinases (CDK) 4/6 inhibitor | an irreversible dual pan-erbb receptor tyrosine kinase receptor tyrosine kinase (ERBB) inhibitor | an anti-HER2 antibody-drug conjugate (ADC) | an anti-programmed death ligand 1 (PD-L1) antibody | an anti-programmed death-1 (PD1) antibody | Trophoblast cell-surface antigen 2 (TROP2) ADC | Pertuzumab | Trastuzumab | goserelin | letrozole | Albumin paclitaxel | Carboplatin | Epirubicin | Cyclophosphamide | an original poly adenosine diphosphate-ribose polymerase (PARP) inhibitor | tyrosine kinase inhibitors | tyrosine kinase inhibitors | Albumin docetaxel | liposome-entrapped mitoxantrone | an anti-HER2 ADC | an anti-PDL1 antibody | an tyrosine kinase inhibitor | anti-PD-1/TGF-βRII | an anti-PD-1/VEGF bispecific antibody | an anti-PD-1/VEGF bispecific antibody | an anti-HER2 ADC | an HER2 inhibitor | an anti-HER2 ADC | paclitaxel | an oral cyclin-dependent kinases 4 (CDK4) inhibitor | a Nectin-4 antibody-drug conjugate (ADC) | an anti-HER2 ADC | Stereotactic Body Radiation Therapy (SBRT) is performed within 5 calendar days prior to the initiation of drug therapy. SBRT is delivered to the primary tumor in 3 fractions of 8 Gy each (total 24 Gy) over 3-5 days.,HER2; Nectin-4; TROP2
NCT04351230,T-DM1 With or Without Abemaciclib for the Treatment of HER2-Positive Metastatic Breast Cancer,WITHDRAWN,2020-11-11,2022-02-16,Academic and Community Cancer Research United,OTHER,Anatomic Stage IV Breast Cancer AJCC v8; HER2 Positive Breast Carcinoma; Metastatic Breast Carcinoma; Prognostic Stage IV Breast Cancer AJCC v8,PHASE2,0.0,Abemaciclib; Trastuzumab Emtansine,Given IV | Given PO,HER2
NCT01909934,Study of Brentuximab Vedotin in Participants With Relapsed or Refractory Systemic Anaplastic Large Cell Lymphoma,COMPLETED,2014-01-23,2024-08-29,Takeda,INDUSTRY,Lymphoma,PHASE4,50.0,Brentuximab vedotin,Brentuximab vedotin IV infusion,Unknown/Not Specified
NCT05320588,A Study in Patients With Advanced Cancers,RECRUITING,2022-03-25,2027-04,BiOneCure Therapeutics Inc.,INDUSTRY,Advanced Cancer; Advanced Solid Tumor; Cancer; Oncology,PHASE1; PHASE2,332.0,BIO-106; Pembrolizumab,BIO-106 is a novel antibody-drug conjugate (ADC) that targets the human trophoblast cell surface antigen 2 (Trop-2) | Programmed death receptor-1 (PD 1)-blocking antibody,TROP2
NCT04434040,Atezolizumab + Sacituzumab Govitecan to Prevent Recurrence in TNBC (ASPRIA),RECRUITING,2020-07-02,2027-12-30,Dana-Farber Cancer Institute,OTHER,Breast Cancer; Triple Negative Breast Cancer; Residual Cancer; Circulating Tumor DNA,PHASE2,40.0,Atezolizumab; Sacituzumab govitecan,Atezolizumab is a type of antibody and is administered intravenously. | Sacituzumab govitecan is an antibody drug conjugate and is administered intravenously,Unknown/Not Specified
NCT01414296,Extended Study of Prostate-specific Membrane Antigen Antibody-Drug Conjugate in Subjects With Prostate Cancer,COMPLETED,2009-01,2013-11,"Progenics Pharmaceuticals, Inc.",INDUSTRY,Prostate Cancer,PHASE1,10.0,PSMA ADC,PSMA ADC administered IV,PSMA
NCT04296890,"A Study of Mirvetuximab Soravtansine in Platinum-Resistant, Advanced High-Grade Epithelial Ovarian, Primary Peritoneal, or Fallopian Tube Cancers With High Folate Receptor-Alpha Expression",COMPLETED,2020-07-23,2022-11-16,"ImmunoGen, Inc.",INDUSTRY,Epithelial Ovarian Cancer; Peritoneal Cancer; Fallopian Tube Cancer,PHASE3,106.0,Mirvetuximab Soravtansine,"Mirvetuximab Soravtansine is an antibody drug conjugate designed to target folate receptor α (FRα). It consists of the humanized anti-FRα mAb M9346A attached via a cleavable disulfide linker to the cytotoxic maytansinoid, DM4.",Folate Receptor
NCT02567851,"A Study of Brentuximab Vedotin in Patients With Hodgkin Lymphoma Unsuitable for Chemotherapy Due to Age, Frailty or Co-morbidity",COMPLETED,2014-02,2017-10-02,University of Birmingham,OTHER,Hodgkin Disease,PHASE2,38.0,Brentuximab Vedotin,Monoclonal antibody drug conjugate,Unknown/Not Specified
NCT05687266,"Phase III, Open-label, First-line Study of Dato-DXd in Combination With Durvalumab and Carboplatin for Advanced NSCLC Without Actionable Genomic Alterations",ACTIVE_NOT_RECRUITING,2022-12-29,2027-11-01,AstraZeneca,INDUSTRY,NSCLC,PHASE3,1350.0,Datopotamab deruxtecan; Durvalumab; Carboplatin; Pembrolizumab; Cisplatin; Pemetrexed; Paclitaxel,Intravenous (IV) infusion every 3 weeks (Q3W) on Day 1 of each 21-day cycle. | Intravenous (IV) infusion every 3 weeks (Q3W) on Day 1 of each 21-day cycle. | Intravenous (IV) infusion every 3 weeks on Day 1 of each 21-day cycle for up to 4 cycles. | Intravenous (IV) infusion every 3 weeks (Q3W) on Day 1 of each 21-day cycle for a maximum of 35 cycles or 2 years (whichever occurs first). | Intravenous (IV) infusion every 3 weeks on Day 1 of each 21-day cycle for up to 4 cycles. | Intravenous (IV) infusion every 3 weeks on Day 1 of each 21-day cycle. | Intravenous (IV) infusion every 3 weeks on Day 1 of each 21-day cycle for up to 4 cycles.,Unknown/Not Specified
NCT03424603,"Study of STRO-001, an Anti-CD74 Antibody Drug Conjugate, in Patients With Advanced B-Cell Malignancies",COMPLETED,2018-02-22,2024-03-15,"Sutro Biopharma, Inc.",INDUSTRY,B-cell Lymphoma; Non Hodgkin Lymphoma; Multiple Myeloma; Follicular Lymphoma; Mantle Cell Lymphoma; Diffuse Large B Cell Lymphoma; Indolent Lymphoma; B Cells--Tumors,PHASE1,70.0,STRO-001,intravenous antibody drug conjugate,Unknown/Not Specified
NCT07251062,"A Study of SYS6010, Enlonstobart, and Chemotherapy for First-Line Treatment of Esophageal Squamous Cell Carcinoma.",NOT_YET_RECRUITING,2025-12-30,2030-12-30,"CSPC Megalith Biopharmaceutical Co.,Ltd.",INDUSTRY,Esophageal Squamous Cell Carcinoma,PHASE2; PHASE3,737.0,SYS6010+SG001+ physician's choice (Capecitabine or 5-FU); Investigator's choice of SOC; SYS6010+SG001,"SYS6010 is an antibody conjugate drug (ADC), composed of one anti-EGFR monoclonal antibody coupled to one JS1 via an enzyme specific linker.

SG001 is a recombinant, fully human, anti-PD-1 monoclonal antibody. Capecitabine: Capecitabine is for oral administration. 5-FU: Administration at the conventional dosage. | 1. Camrelizumab + Cisplatin + Paclitaxel
2. Tislelizumab + Cisplatin + Paclitaxel
3. Tislelizumab + Cisplatin + 5-FU/Capecitabine | SYS6010 is an antibody conjugate drug (ADC), composed of one anti-EGFR monoclonal antibody coupled to one JS1 via an enzyme specific linker.

SG001 is a recombinant, fully human, anti-PD-1 monoclonal antibody.",EGFR
NCT05749588,FUSCC Refractory TNBC Platform Study (FUTURE2.0),RECRUITING,2023-03-30,2028-12-31,Fudan University,OTHER,Triple-negative Breast Cancer,PHASE2,120.0,A1: SHR-A1811; A2: SHR-A1811 with Camrelizumab with famitinib; B1: TROP2 ADC; B2: TROP2 ADC with Camrelizumab; C1: SHR-A1811; C2: SHR-A1811 with BP102; D1: TROP2 ADC; D2: TROP2 ADC with BP102; E1: SHR-A1811; F1: TROP2 ADC; G1: SHR-A1811; H1: TROP2 ADC; E2: SHR-A1811 with everolimus; TQB2102 with TQB2868,"A1: an anti-HER2 antibody-drug conjugate (ADC) | A2: SHR-A1811: an anti-HER2 antibody-drug conjugate (ADC)

Camrelizumab: an anti-programmed death-1 (PD-1) antibody | B1: an Trophoblast cell-surface antigen 2 (TROP2) ADC | B2: TROP2 ADC : an Trophoblast cell-surface antigen 2 (TROP2) ADC

Camrelizumab: an anti-programmed death-1 (PD-1) antibody | C1: an anti-HER2 antibody-drug conjugate (ADC) | C2: SHR-A1811: an anti-HER2 antibody-drug conjugate (ADC)

BP102: a humanized recombinant monoclonal IgG1 antibody (biosimilar to bevacizumab) | D1: an Trophoblast cell-surface antigen 2 (TROP2) ADC | D2: TROP2 ADC : an Trophoblast cell-surface antigen 2 (TROP2) ADC

BP102: a humanized recombinant monoclonal IgG1 antibody (biosimilar to bevacizumab) | E1: an anti-HER2 antibody-drug conjugate (ADC) | F1: an Trophoblast cell-surface antigen 2 (TROP2) ADC | G1: an anti-HER2 antibody-drug conjugate (ADC) | H1: an Trophoblast cell-surface antigen 2 (TROP2) ADC | E1: SHR-A1811 an anti-HER2 antibody-drug conjugate (ADC) everolimus： an mTOR inhibitor | TQB2102: an anti-HER2 antibody-drug conjugate (ADC) TQB2868: an anti-PD-1/TGF-β bispecific antibody in all-comer TNBC",HER2; TROP2
NCT06868667,"Japan Expansion Cohort: Evaluation of Efficacy and Safety of Belantamab Mafodotin, Bortezomib and Dexamethasone Versus Daratumumab, Bortezomib and Dexamethasone in Participants With Relapsed/Refractory Multiple Myeloma",ACTIVE_NOT_RECRUITING,2021-07-28,2028-06-30,GlaxoSmithKline,INDUSTRY,Multiple Myeloma,PHASE3,24.0,Belantamab mafodotin; Daratumumab; Bortezomib; Dexamethasone,Humanized anti-B-cell maturation antigen (BCMA) antibody/drug conjugate. | Anti-cluster of differentiation 38 \[CD-38\] monoclonal antibody. | Proteasome Inhibitor. | Synthetic glucocorticoid with anti-tumor activity.,BCMA
NCT07203729,The Efficacy and Safety of Trastuzumab Rezetecan (SHR-A1811) in HER2-Low Unresectable/Metastatic Breast Cancer Patients With Visceral Crisis,RECRUITING,2026-03-01,2030-12-30,"Cancer Institute and Hospital, Chinese Academy of Medical Sciences",OTHER,HER2-Low Unresectable/Metastatic Breast Cancer Complicated With Visceral Crisis,PHASE2,184.0,Trastuzumab Rezetecan; Chemotherapy of Physician's Choice,"Trastuzumab Rezetecan 4.8mg/kg, IV, Day 1, Q3W | Chemotherapy of Physician's Choice, including nab-paclitaxel, Eribulin, Capecitabine, Vinorelbine, Gemcitabine.",HER2
NCT02254239,Everolimus and Brentuximab Vedotin in Treating Patients With Relapsed or Refractory Hodgkin Lymphoma,TERMINATED,2016-02-04,2018-12-12,Mayo Clinic,OTHER,Recurrent Hodgkin Lymphoma; Refractory Hodgkin Lymphoma,PHASE1,10.0,Brentuximab Vedotin; Everolimus; Laboratory Biomarker Analysis; Pharmacological Study,Given IV | Given PO | Correlative studies | Correlative studies,Unknown/Not Specified
NCT04587687,Brentuximab Vedotin and Bendamustine for the Treatment of Relapsed or Refractory Follicular Lymphoma,RECRUITING,2020-12-04,2028-05,"University of California, Davis",OTHER,Recurrent Follicular Lymphoma; Refractory Follicular Lymphoma,PHASE2,23.0,Bendamustine Hydrochloride; Brentuximab Vedotin,Given IV | Given IV,Unknown/Not Specified
NCT06373406,A Study of MHB036C for Advanced Solid Tumor,ACTIVE_NOT_RECRUITING,2023-05-26,2026-12,Minghui Pharmaceutical (Hangzhou) Ltd,INDUSTRY,Advanced Solid Tumor,PHASE1; PHASE2,200.0,MHB036C,An antibody-drug conjugate therapy,Unknown/Not Specified
NCT05581589,Sacituzumab Govitecan Before Radical Cystectomy for the Treatment of Non-Urothelial Muscle Invasive Bladder Cancer,TERMINATED,2023-06-15,2026-03-06,University of Washington,OTHER,Muscle Invasive Bladder Carcinoma; Stage II Bladder Cancer AJCC v8; Stage IIIA Bladder Cancer AJCC v8,PHASE2,4.0,Lymphadenectomy; Radical Cystectomy; Sacituzumab Govitecan,Undergo pelvic lymph node dissection | Undergo radical cystectomy | Given IV,Unknown/Not Specified
NCT06798207,A Clinical Trial of TQB2102 for Injection in Gynecological Tumors With Recurrent/Metastatic Advanced,RECRUITING,2025-03-13,2026-11,"Chia Tai Tianqing Pharmaceutical Group Nanjing Shunxin Pharmaceutical Co., Ltd.",INDUSTRY,Gynecological Tumors,PHASE2,170.0,TQB2102 for injection,TQB2102 for injection is a HER2 dual-antibody-drug Conjugate (ADC).,HER2
NCT01990534,A Study of Brentuximab Vedotin in Participants With Relapsed or Refractory Hodgkin Lymphoma,COMPLETED,2014-03-14,2020-03-12,"Millennium Pharmaceuticals, Inc.",INDUSTRY,Hodgkin Lymphoma,PHASE4,60.0,Brentuximab Vedotin,Brentuximab vedotin IV infusion,Unknown/Not Specified
NCT05748171,A Study to Learn More About the Study Medicine Called Inotuzumab Ozogamicin (InO) in Children (1 to <18 Years) With First Relapse ALL,RECRUITING,2023-05-17,2036-11-04,Pfizer,INDUSTRY,ACUTE LYMPHOBLASTIC LEUKEMIA,PHASE2,100.0,Inotuzumab ozogamicin; ALLR3,"Inotuzumab ozogamicin (BESPONSA™) is a CD22 targeted antibody drug conjugate (ADC) approved in several countries for the treatment of adults with relapsed or refractory B cell precursor acute lymphoblastic leukemia (ALL). The approved starting dose is 1.8mg/m2/cycle. | The ALLR3 chemotherapy regimen (vincristine, mitoxantrone, dexamethasone, and PEG-asparaginase \[or erwinia-asparaginase in the event of an allergic reaction to PEG-asparaginase\]) has been adopted by pediatric oncology groups as treatment for pediatric relapsed/refractory (R/R) acute lymphoblastic leukemia (ALL)",CD22
NCT06524544,A Study Comparing the Combination of Pembrolizumab and Sacituzumab Govitean-hziy Versus Standard of Care in the Treatment of Advanced Urothelial Cancer,RECRUITING,2025-12-02,2028-12-31,National Cancer Institute (NCI),NIH,Locally Advanced Urothelial Carcinoma; Metastatic Urothelial Carcinoma; Unresectable Urothelial Carcinoma,PHASE3,320.0,Biospecimen Collection; Carboplatin; Cisplatin; Computed Tomography; Docetaxel; Gemcitabine; Magnetic Resonance Imaging; Paclitaxel; Pembrolizumab; Questionnaire Administration; Sacituzumab Govitecan,Undergo blood sample collection | Given IV | Given IV | Undergo CT | Given IV | Given IV | Undergo MRI | Given IV | Given IV | Ancillary studies | Given IV,Unknown/Not Specified
NCT07085091,A First in Human Study of ALX2004 With Advanced or Metastatic Selected Solid Tumors,RECRUITING,2025-08-18,2027-12,ALX Oncology Inc.,INDUSTRY,NSCLC (Advanced Non-small Cell Lung Cancer); HNSCC; CRC (Colorectal Cancer); ESCC; Colo-rectal Cancer; Head and Neck Cancer; Esophageal Squamous Cell Carcinoma (ESCC),PHASE1,170.0,ALX2004; ALX2004; ALX2004,ALX2004 is a novel ADC targeting EGFR. Drug: ALX2004 IV Infusion | ALX2004 is a novel ADC targeting EGFR. Drug: ALX2004 IV infusion | ALX2004 is a novel ADC targeting EGFR. Drug: ALX2004 IV infusion,EGFR
NCT04982224,Study of REGN5093-M114 (METxMET Antibody-Drug Conjugate) in Adult Patients With Mesenchymal Epithelial Transition Factor (MET) Overexpressing Advanced Cancer,TERMINATED,2021-11-09,2025-10-15,Regeneron Pharmaceuticals,INDUSTRY,Advanced NSCLC,PHASE1,30.0,REGN5093-M114; Cemiplimab,Administered by intravenous (IV) infusion | Administered by IV infusion,Unknown/Not Specified
NCT06453044,Mosunetuzumab and Polatuzumab Vedotin for the Treatment of Patients With Relapsed or Refractory Grade 1-3a Follicular Lymphoma,RECRUITING,2024-09-09,2028-03-14,City of Hope Medical Center,OTHER,Recurrent Grade 1 Follicular Lymphoma; Recurrent Grade 2 Follicular Lymphoma; Recurrent Grade 3a Follicular Lymphoma; Refractory Grade 1 Follicular Lymphoma; Refractory Grade 2 Follicular Lymphoma; Refractory Grade 3a Follicular Lymphoma,PHASE2,41.0,Biospecimen Collection; Computed Tomography; Magnetic Resonance Imaging; Mosunetuzumab; Polatuzumab Vedotin; Positron Emission Tomography; Questionnaire Administration,Undergo blood sample collection | Undergo CT or PET/CT | Undergo MRI | Given SC | Given IV | Undergo PET/CT | Ancillary Studies,Unknown/Not Specified
NCT07619365,Trastuzumab Deruxtecan and Lovastatin in HER2-low and Ultralow Advanced or Metastatic Breast Cancer,NOT_YET_RECRUITING,2026-08-31,2031-08-31,Washington University School of Medicine,OTHER,Breast Cancer; Advanced Breast Cancer; Metastatic Breast Cancer,PHASE2,60.0,Trastuzumab deruxtecan; Lovastatin,"Standard of care trastuzumab deruxtecan is administered at a starting dose of 5.4 mg/kg intravenously every 3 weeks according to package guidelines. The first infusion is administered over 90 minutes, and subsequent infusions may be administered over 30 minutes if prior infusions were well tolerated. | Lovastatin is provided in 10 mg and 20mg tablets for oral administration. It will be taken approximately 12 hours and 10 minutes before each T-DXd cycle.",HER2
NCT06065371,Sacituzumab Govitecan in Combination With Capecitabine for Advanced Gastrointestinal Cancers After Progression on Standard Therapy,RECRUITING,2024-11-20,2027-05,Henry Ford Health System,OTHER,Gastrointestinal Cancer,PHASE1,20.0,Capecitabine; Sacituzumab govetican,"Capecitabine is a fluoropyrimidine that is metabolized to 5-fluorouracil, which inhibits thymidylate synthase. Capecitabine is available in white or off-white tablets with doses of 500mg and 150mg doses. 500mg dose tablets will be used on this trial. Capecitabine will be ordered as a standard of care and provided commercially. | Sacituzumab govitecan is an antibody-drug conjugate that targets Trop-2-expressing cells and is covalently attached to the topoisomerase I inhibitor SN-38. Sacituzumab govitecan will be provided by Gilead Sciences.

Sacituzumab govitecan for injection, 180 mg and 200 mg, is available as a powder that is to be reconstituted with 20 mL of 0.9% Sodium Chloride Injection prior to intravenous infusion.

Following reconstitution, each single-dose vial of Sacituzumab govitecan results in a concentration of 10mg/mL with pH of 6.5.",TROP2
NCT05720117,A Study of PYX-201 in Advanced Solid Tumors,RECRUITING,2023-03-14,2028-06-30,"Pyxis Oncology, Inc",INDUSTRY,Solid Tumor; Advanced Solid Tumor,PHASE1,330.0,PYX-201,Antibody-Drug Conjugate,Unknown/Not Specified
NCT07379268,Evaluation of the Efficacy of Anti-HER2 Antibody-Drug Conjugates (ADC) in Locally Advanced or Metastatic Bladder Cancer Based on Organoid Technology.,RECRUITING,2025-01-01,2028-12-31,Qilu Hospital of Shandong University,OTHER,Bladder Cancer,NOT_APPLICABLE,224.0,Organoid culture,Organoid culture of tumor tissue obtained during patient surgery,HER2
NCT01777152,ECHELON-2: A Comparison of Brentuximab Vedotin and CHP With Standard-of-care CHOP in the Treatment of Patients With CD30-positive Mature T-cell Lymphomas,COMPLETED,2013-01-31,2020-10-02,Seagen Inc.,INDUSTRY,Anaplastic Large-Cell Lymphoma; Non-Hodgkin Lymphoma; T-Cell Lymphoma,PHASE3,452.0,brentuximab vedotin; doxorubicin; prednisone; vincristine; cyclophosphamide,"1.8 mg/kg every 3 weeks by IV infusion for 6-8 cycles | 50 mg/m2 every 3 weeks by IV infusion for 6-8 cycles | 100 mg on Days 1 to 5 of each 3-week cycle, orally for 6-8 cycles | 1.4 mg/m2 (maximum 2 mg) every 3 weeks by IV infusion for 6-8 cycles | 750 mg/m2 every 3 weeks by IV infusion for 6-8 cycles",CD30
NCT07008976,Clinical Trial of TQB2102 for Injection Versus Trastuzumab Emtansine for Injection in HER2-positive Advanced Breast Cancer,RECRUITING,2025-07-07,2028-12,"Chia Tai Tianqing Pharmaceutical Group Nanjing Shunxin Pharmaceutical Co., Ltd.",INDUSTRY,Metastatic Breast Cancer,PHASE3,246.0,TQB2102 Injection; Trastuzumab Emtansine for Injection,TQB2102 Injection is a Human Epidermal Growth Factor Receptor 2 (HER2) bispecific antibody-drug conjugate. | Trastuzumab Emtansine for Injection is HER2-targeting antibody-drug conjugate (ADC).,HER2
NCT06100874,A Single-arm Phase II Trial of SAcituzumab Govitecan and Trastuzumab for HER2+ Metastatic Breast Cancer After Trastuzumab dEruxtEcaN (SATEEN),ACTIVE_NOT_RECRUITING,2023-11-20,2027-11-30,Adrienne G. Waks,OTHER,Her 2 Positive Breast Cancer; Breast Cancer Female; Breast Cancer Metastatic,PHASE2,28.0,Sacituzumab Govitecan; Trastuzumab; Trastuzumab and Hyaluronidase-oysk,"Trop-2-directed antibody-drug conjugate, 180 mg single-dose glass vial, via intravenous infusion per protocol. | Humanized IgG1 kappa monoclonal antibody, 150mg single-dose vial, via intravenous infusion per protocol. | Recombinant monoclonal antibody, 6 mL vial, via subcutaneous injection per protocol.",HER2; TROP2
NCT07672782,Tisotumab Vedotin in Squamous Cell Carcinoma of the Vulva,NOT_YET_RECRUITING,2026-11,2029-12,GOG Foundation,NETWORK,Vulvar Carcinoma; Recurrent or Metastatic Vulvar Cancer; Squamous Cell Carcinoma Vulva,PHASE2,28.0,Tisotumab Vedotin,Tisotumab vedotin is an antibody-drug conjugate (ADC) directed against tissue factor (TF) and is composed of an IgG1 human monoclonal antibody chemically conjugated via a protease cleavable valine citrulline linker to the drug MMAE.,Tissue Factor
NCT07518979,EGFR-ADC (Becotatug Vedotin) Combined With PD-1 Inhibitor (Pucotenlimab) in Neoadjuvant Treatment of Advanced Penile Cancer,NOT_YET_RECRUITING,2026-07-30,2031-05-01,Jiyan Liu,OTHER,Penile Cancer,PHASE2,60.0,Becotatug Vedotin; Pucotenlimab,"Becotatug vedotin is an EGFR-targeted antibody-drug conjugate (ADC) composed of a high-affinity anti-EGFR monoclonal antibody conjugated to monomethyl auristatin E (MMAE) via a cleavable valine-citrulline linker. In this phase II neoadjuvant trial, it is administered intravenously at a dose of 2.0 mg/kg once every 3 weeks for 4-6 cycles, in combination with Pucotenlimab, for patients with EGFR-expressing locally advanced penile squamous cell carcinoma. | Pucotenlimab is a humanized, high-affinity anti-PD-1 monoclonal antibody that blocks PD-1/PD-L1/PD-L2 binding to reactivate antitumor immunity. In this trial, it is administered intravenously at 200 mg once every 3 weeks: 4-6 cycles as neoadjuvant therapy with Becotatug vedotin, followed by 1 year of adjuvant therapy for patients achieving R0 resection, for EGFR-expressing locally advanced penile squamous cell carcinoma.",EGFR
NCT00126646,"BL22 Immunotoxin in Treating Patients With Refractory Chronic Lymphocytic Leukemia, Prolymphocytic Leukemia, or Non-Hodgkin's Lymphoma",COMPLETED,2005-06,2009-06,MedImmune LLC,INDUSTRY,Leukemia; Lymphoma,PHASE1,24.0,BL22 immunotoxin; antibody-drug conjugate therapy; immunotoxin therapy, |  | ,Unknown/Not Specified
NCT04826341,"A Phase I/II Study of Sacituzumab Govitecan Plus Berzosertib in Small Cell Lung Cancer, Extra-Pulmonary Small Cell Neuroendocrine Cancer and Homologous Recombination-Deficient Cancers Resistant to PARP Inhibitors",ACTIVE_NOT_RECRUITING,2021-09-20,2029-03-01,National Cancer Institute (NCI),NIH,HRD Cancer; SCLC; Advanced Solid Tumors,PHASE1; PHASE2,35.0,Berzosertib; Sacituzumab Govitecan,Berzosertib will be supplied as 20 mg/mL M6620 to be diluted with 5% dextrose in water solution before intravenous infusion. | Sacituzumab Govitecan will be administered as an intravenous infusion once weekly on Days 1 and 8 of 21-day treatment cycles.,Unknown/Not Specified
NCT05238831,SMMART Adaptive Clinical Treatment (ACT) Trial,WITHDRAWN,2023-01-30,2026-05-31,OHSU Knight Cancer Institute,OTHER,Advanced Breast Carcinoma; Advanced Malignant Solid Neoplasm; Advanced Ovarian Carcinoma; Advanced Pancreatic Carcinoma; Advanced Prostate Carcinoma; Advanced Sarcoma; Anatomic Stage III Breast Cancer AJCC v8; Anatomic Stage IV Breast Cancer AJCC v8; Recurrent Adult Soft Tissue Sarcoma; Recurrent Breast Carcinoma; Recurrent Ovarian Carcinoma; Recurrent Prostate Carcinoma; Stage II Pancreatic Cancer AJCC v8; Stage III Ovarian Cancer AJCC v8; Stage III Pancreatic Cancer AJCC v8; Stage IV Ovarian Cancer AJCC v8; Stage IV Pancreatic Cancer AJCC v8,EARLY_PHASE1,0.0,Alectinib; Alpelisib; Anastrozole; Atezolizumab; Bevacizumab; Biopsy; Biospecimen Collection; Capecitabine; Carboplatin; Cobimetinib; Entrectinib; Eribulin; Fulvestrant; Hyaluronidase-zzxf/Pertuzumab/Trastuzumab; Irinotecan; Letrozole; Nab-paclitaxel; Niraparib; Olaparib; Paclitaxel; Palbociclib; Pertuzumab; Quality-of-Life Assessment; Trastuzumab; Trastuzumab Emtansine; Vemurafenib; Vinorelbine; Vismodegib,Given orally (PO) | Given PO | Given PO | Given IV | Given IV | Undergo tissue biopsy | Undergo collection of blood | Given PO | Given IV | Given PO | Given PO | Given IV | Given by injection | Given phesgo SC | Given IV | Given PO | Given IV | Given PO | Given PO | Given IV | Given IV | Given subcutaneously (SC) | Ancillary studies | Given SC | Given intravenously (IV) | Given PO | Given IV | Given PO,Unknown/Not Specified
NCT06774027,Prospective Registry of ADC as First- and Second-line Treatment for Breast Cancer,RECRUITING,2025-10-08,2030-12-31,"University of California, San Francisco",OTHER,HER2-negative Breast Cancer; HER2 Negative Breast Carcinoma; Metastatic Breast Cancer; HR+ HER2 Breast Cancer; Metastatic Triple Negative Breast Cancers; Metastatic Triple-Negative Breast Carcinoma,NOT_APPLICABLE,100.0,Specimen collection; Non-Investigational Antibody-Drug Conjugates (ADC); Medical Record Review,Blood specimens will be collected during regular clinical visits for correlative and exploratory analysis | ADC given under usual care for the treatment of cancer | Prospective and retrospective medical chart reviews will be conducted to obtain data for analysis.,HER2
NCT03602079,Study of A166 in Patients With Relapsed/Refractory Cancers Expressing HER2 Antigen or Having Amplified HER2 Gene,COMPLETED,2018-07-16,2022-01-12,Klus Pharma Inc.,INDUSTRY,HER2-positive Breast Cancer; HER2 Gene Mutation; HER-2 Gene Amplification; HER2 Positive Gastric Cancer; Salivary Gland Cancer; Salivary Gland Tumor; Salivary Gland Carcinoma; Salivary Gland Neoplasms; Lung Cancer; Colo-rectal Cancer; Rare Diseases; Solid Tumor; Recurrent Gastric Cancer; Recurrent Colon Cancer; Recurrent Breast Cancer; Head and Neck Cancer; Head and Neck Carcinoma; Bladder Cancer; Cervical Cancer; Liver Cancer; Bile Duct Cancer; Urologic Cancer; Pancreatic Cancer; Prostate Cancer; Recurrent Prostate Cancer; Rectal Cancer; Recurrent Ovarian Carcinoma; Recurrent Renal Cell Cancer; Rectal Cancer Stage II; Rectal Cancer Stage I; Rectal Cancer Stage III; Skin Cancer; Mouth Cancer; Lip Cancer Stage I; Tongue Cancer; Breast Neoplasm Malignant Primary; Larynx Cancer; Tonsil Cancer; Palate Cancer; Mucoepidermoid Carcinoma; Primary Peritoneal Carcinoma; Mucinous Adenocarcinoma Gastric; Mucinous Breast Cancer Recurrent; Cholangiocarcinoma,PHASE1; PHASE2,49.0,A166,A166 is an Antibody Drug Conjugate (ADC) targeting HER2 expressing cancer cells.,HER2
NCT01902160,Temsirolimus and Brentuximab Vedotin in Treating Patients With Relapsed or Refractory Hodgkin Lymphoma,COMPLETED,2013-09,,National Cancer Institute (NCI),NIH,Recurrent Adult Hodgkin Lymphoma,PHASE1,3.0,Brentuximab Vedotin; Laboratory Biomarker Analysis; Temsirolimus,Given IV | Correlative studies | Given IV,Unknown/Not Specified
NCT07416253,Trastuzumab Rezetecan vs Trastuzumab Deruxtecan in the Neoadjuvant Treatment of HER2 Positive Breast Cancer,NOT_YET_RECRUITING,2026-03,2030-07,Henan Cancer Hospital,OTHER_GOV,Breast Cancer,PHASE2,68.0,Trastuzumab rezetecan; Trastuzumab deruxtecan,Participants will receive Trastuzumab-rezetecan for 8 cycles | Participants will receive Trastuzumab deruxtecan for 8 cycles,HER2
NCT07484022,Study of GB-4362 With Enfortumab Vedotin and Pembrolizumab for Advanced Urothelial Cancer,RECRUITING,2026-06,2027-12,Generate Biomedicines,INDUSTRY,Advanced Urothelial Cancer; Metastatic Urothelial Carcinoma,PHASE1,37.0,GB-4362; enfortumab vedotin (EV); Pembrolizumab,GB-4362 is an investigational monoclonal antibody | Enfortumab vedotin is an antibody-drug conjugate targeting Nectin-4 that delivers the cytotoxic payload monomethyl auristatin E (MMAE). | Pembrolizumab is a programmed death-1 (PD-1) immune checkpoint inhibitor administered as standard-of-care therapy for advanced urothelial cancer.,Nectin-4
NCT02822586,TSEB and Brentuximab for Treatment of Mycosis Fungoides & Sezary Syndrome,COMPLETED,2016-12-19,2019-04-29,Virginia Commonwealth University,OTHER,Mycosis Fungoides; Sézary Syndrome,PHASE1,5.0,TSEB Therapy; Brentuximab vedotin,"TSEB is a type of radiation treatment in which the skin over the whole body is treated with electron radiation beams. All participants will receive the same standard TSEB dose and treatment schedule. During TSEB, patients are treated in a standing position on a rotating platform. | An antibody-drug conjugate (ADC) that targets CD30. A standard dose of brentuximab vedotin will be administered to all patients by intravenous infusion 3 weeks prior to initiation of TSEB and then every 3 weeks for 3 cycles.",CD30
NCT05174637,A Study of FDA018-ADC in Patients With Advanced Solid Tumors,ACTIVE_NOT_RECRUITING,2021-10-22,2029-12,"Shanghai Fudan-Zhangjiang Bio-Pharmaceutical Co., Ltd.",INDUSTRY,Advanced/ Metastatic Solid Tumors,PHASE1,78.0,FDA018-ADC,"Subjects will receive an intravenous infusion of FDA018-ADC until confirmed progression, unaccepted toxicity, or any criterion for withdrawal from the study.",Unknown/Not Specified
NCT07304128,A Study of PLB-002 in Advanced Solid Tumors,RECRUITING,2026-02-06,2027-12-30,Primelink BioTherapeitics(ShenZhen) Limited,INDUSTRY,Advanced Solid Tumor,PHASE1,100.0,PLB-002,antibody drug conjugate (ADC),Unknown/Not Specified
NCT04073602,A Study of RC48-ADC in Subjects With HER2-negative Locally Advanced or Metastatic Urothelial Cancer,COMPLETED,2019-08-19,2023-01-31,"RemeGen Co., Ltd.",INDUSTRY,Urothelial Carcinoma,PHASE2,19.0,RC48-ADC,"The eligible patients will be treated with RC48-ADC, an antibody-drug conjugate, 2.0 mg/kg, once every two weeks until investigator-assessed loss of clinical benefit, unacceptable toxicity, investigator or participant's decision to withdraw from therapy, or death (whichever occurs first).",HER2
NCT05754853,A Study of MRG002 Versus Investigator's Choice of Chemotherapy in the Treatment of Patients With HER2-positive Unresectable Advanced or Metastatic Urothelial Cancer,RECRUITING,2023-04-06,2027-01,Shanghai Miracogen Inc.,INDUSTRY,Advanced or Metastatic Urothelium Cancer,PHASE3,290.0,MRG002; Docetaxel Injection; Paclitaxel Injection; Gemcitabine Hydrochloride for Injection; Pemetrexed Disodium Injection,Administrated intravenously | Administrated intravenously | Administrated intravenously | Administrated intravenously | Administrated intravenously,HER2
NCT06115902,A Study of TQB2102 for Injection in Patients With Recurrent/Metastatic Breast Cancer,COMPLETED,2023-11-17,2025-02-01,"Chia Tai Tianqing Pharmaceutical Group Nanjing Shunxin Pharmaceutical Co., Ltd.",INDUSTRY,Breast Cancer,PHASE1,153.0,TQB2102 for injection,TQB2102 for injection is a HER2 dual-antibody-drug Conjugate (ADC),HER2
NCT00430846,Phase I Open-Label Dose Finding Study of SGN-35 for CD30 Positive Hematologic Malignancies,COMPLETED,2006-11,2009-07,Seagen Inc.,INDUSTRY,"Lymphoma, Non-Hodgkin; Disease, Hodgkin; Lymphoma, Large-Cell, Anaplastic",PHASE1,45.0,SGN-35,Every 21 days. Dose Escalating. 0.1 - 3.6 mg/kg,CD30
NCT06956170,All Japanese Population: Belantamab Mafodotin Plus Pomalidomide and Dexamethasone (Pd) Versus Bortezomib Plus Pd in Relapsed/Refractory Multiple Myeloma,ACTIVE_NOT_RECRUITING,2022-02-10,2029-06-25,GlaxoSmithKline,INDUSTRY,Multiple Myeloma,PHASE3,21.0,Belantamab mafodotin; Pomalidomide; Dexamethasone; Bortezomib,Humanized anti-B-cell maturation antigen (BCMA) antibody/drug conjugate will be administered. | Immunomodulatory drug (IMiD) will be administered. | Synthetic glucocorticoid with anti-tumor activity will be administered. | Proteasome Inhibitor will be administered.,BCMA
NCT07503756,JS212 Combination Therapies in Metastatic Colorectal Cancer,RECRUITING,2026-04-25,2028-03-30,"Shanghai Junshi Bioscience Co., Ltd.",OTHER,Metastatic Colorectal Cancer,PHASE2,80.0,JS212; Capecitabine; Bevacizumab; Oxaliplatin; JS207,Bispecific antibody-drug conjugate targeting EGFR and HER3 | Oral fluoropyrimidine chemotherapy | Humanized anti-VEGF monoclonal antibody | Platinum-based chemotherapy administered intravenously | Bispecific antibody targeting PD-1 and VEGF,EGFR
NCT05866354,To Evaluate Pharmacokinetics of Tisotumab Vedotin in Chinese Subjects With Metastatic or Recurrent Solid Malignancies,COMPLETED,2023-06-16,2023-11-02,"Zai Lab (Shanghai) Co., Ltd.",INDUSTRY,Solid Malignancies,PHASE1,19.0,Tisotumab Vedotin,"Tisotumab vedotin is an antibody-drug conjugate (ADC) targeting tissue factor (TF), a protein aberrantly expressed in a wide number of solid tumors including cervical cancer.",Tissue Factor
NCT05991388,A Global Study of Novel Agents in Paediatric and Adolescent Relapsed and Refractory B-cell Non-Hodgkin Lymphoma,RECRUITING,2024-05-02,2033-05-01,University of Birmingham,OTHER,B-cell Non Hodgkin Lymphoma,PHASE2; PHASE3,210.0,Odronextamab; Loncastuximab tesirine; Rituximab; Ifosfamide; Carboplatin; Etoposide; Etoposide Phosphate; Dexamethasone; CAR T-cells (TBC),CD20xCD3 bispecific antibody | CD-19-directed antibody-drug conjugate | Modified R-ICE chemotherapy | Modified R-ICE chemotherapy | Modified R-ICE chemotherapy | Modified R-ICE chemotherapy | Modified R-ICE (Treatment Arm II) | Modified R-ICE chemotherapy | Modified R-ICE chemotherapy,CD20
NCT03504488,CAB-ROR2-ADC Safety and Efficacy Study in Patients With TNBC or Head & Neck Cancer (Ph1) and NSCLC or Melanoma (Ph2),COMPLETED,2018-06-27,2024-12-30,"BioAtla, Inc.",INDUSTRY,Non Small Cell Lung Cancer; Triple Negative Breast Cancer; Melanoma; Head and Neck Cancer,PHASE1; PHASE2,132.0,CAB-ROR2-ADC; PD-1 inhibitor,Conditionally active biologic anti-ROR2 antibody drug conjugate | PD-1 inhibitor,Unknown/Not Specified
NCT06005740,"A Phase 1, First in Human Study of TORL-4-500 in Patients With Advanced Cancer",RECRUITING,2023-12-04,2026-10-31,"TORL Biotherapeutics, LLC",INDUSTRY,Advanced Solid Tumor; Hepatocellular Carcinoma,PHASE1,70.0,TORL-4-500,antibody drug conjugate,Unknown/Not Specified
NCT07522879,"A Study of Becotatug Vedotin (MRG003) Combined With Epirubicin as Neoadjuvant Therapy for EGFR-Positive, Unresectable Recurrent Sinonasal Adenoid Cystic Carcinoma",RECRUITING,2026-05-01,2030-07-01,Eye & ENT Hospital of Fudan University,OTHER,Adenoid Cystic Carcinoma; Sinonasal Carcinoma,PHASE2,40.0,Becotatug Vedotin,"Becotatug vedotin (also known as MRG003) is an antibody-drug conjugate (ADC) targeting epidermal growth factor receptor (EGFR). It consists of a recombinant anti-EGFR humanized monoclonal antibody conjugated to the microtubule-disrupting agent monomethyl auristatin E (MMAE) via a valine-citrulline linker. It is administered intravenously at 2.0 mg/kg on day 1 of each 21-day cycle for 3 cycles.

Epirubicin is an anthracycline chemotherapeutic agent that inhibits topoisomerase II, thereby interfering with DNA replication and transcription. It is administered intravenously at 75 mg/m² on day 1 of each 21-day cycle for 3 cycles.",EGFR
NCT04197687,"TPIV100 and Sargramostim for the Treatment of HER2 Positive, Stage II-III Breast Cancer in Patients With Residual Disease After Chemotherapy and Surgery",UNKNOWN,2020-02-20,2025-01-15,Academic and Community Cancer Research United,OTHER,Breast Adenocarcinoma; Stage II Breast Cancer AJCC v6 and v7; Stage IIA Breast Cancer AJCC v6 and v7; Stage IIB Breast Cancer AJCC v6 and v7; Stage III Breast Cancer AJCC v7; Stage IIIA Breast Cancer AJCC v7; Stage IIIB Breast Cancer AJCC v7; Stage IIIC Breast Cancer AJCC v7,PHASE2,480.0,Multi-epitope HER2 Peptide Vaccine TPIV100; Pertuzumab; Placebo Administration; Sargramostim; Trastuzumab; Trastuzumab Emtansine,Given ID | permitted at physician's discretion | Given ID | Given ID | therapy are at the discretion of the treating physicians | at the discretion of the treating physicians.,HER2
NCT07460375,A Study to Evaluate Claudin 18.2-Directed ADC LCB02A in Advanced Solid Tumors,NOT_YET_RECRUITING,2026-08,2030-08,"LigaChem Biosciences, Inc.",INDUSTRY,Advanced Solid Tumors,PHASE1; PHASE2,191.0,LCB02A,CLDN18.2-directed human monoclonal antibody (Ab) linked to a topoisomerase I inhibiting payload.,Claudin18.2
NCT07003074,A Clinical Study of TQB2102 Versus Docetaxel Plus Trastuzumab and Pertuzumab in the Treatment of HER2 Positive Recurrent or Metastatic Breast Cancer,RECRUITING,2025-06-23,2030-07,"Chia Tai Tianqing Pharmaceutical Group Nanjing Shunxin Pharmaceutical Co., Ltd.",INDUSTRY,Breast Cancer,PHASE3,642.0,TQB2102 for Injection; Docetaxel combined + Trastuzumab +Pertuzumab,TQB2102 is a next-generation HER2 Antibody-Drug Conjugate drug proposed for patients with HER2 positive Recurrent/Metastatic Breast Cancer. | Positive control.,HER2
NCT06723236,A Study of MGC028 in Participants With Advanced Solid Tumors,RECRUITING,2025-02-13,2027-04,MacroGenics,INDUSTRY,Advanced Solid Tumors; NSCLC Adenocarcinoma; Cholangiocarcinoma; Pancreatic Carcinoma; Colorectal Carcinoma,PHASE1,124.0,MGC028,MGC028 is an antibody-drug conjugate targeted against ADAM9.,Unknown/Not Specified
NCT03587740,ATOP TRIAL: T-DM1 in HER2 Positive Breast Cancer,ACTIVE_NOT_RECRUITING,2018-08-22,2027-08-30,Dana-Farber Cancer Institute,OTHER,Breast Cancer,PHASE2,111.0,T-DM1,"T-DM1 is an antibody-drug conjugate; it is made up of an antibody (trastuzumab) linked to a cytotoxic drug, DM1 (chemotherapy). T-DM1 functions as a targeted cancer therapy because it targets HER2-positive breast cancer cells directly, limiting exposure of the rest of the body to chemotherapy.",HER2
NCT05217693,A First-in-human of Multiplle Doses of BB-1705 in Subjects With Locally Advanced/Metastatic Solid Tumors,RECRUITING,2022-06-01,2025-12-31,"Bliss Biopharmaceutical (Hangzhou) Co., Ltd",INDUSTRY,Solid Tumor,PHASE1,288.0,BB-1705,"BB-1705 is an ADC consisting of an engineered humanized IgG1κ monoclonal antibody conjugated to the cytotoxic agent eribulin via a cathepsin-cleavable valine-citrulline linker. BB-1705 has a molecular weight of approximately 152 kDa, including two molecules of eribulin via the linker.",Unknown/Not Specified
NCT04323956,"Parsaclisib Plus the Standard Drug Therapy in Patients With Newly Diagnosed, High Risk Diffuse Large B-cell Lymphoma",ACTIVE_NOT_RECRUITING,2020-06-15,2028-05-16,Mayo Clinic,OTHER,"Ann Arbor Stage II Diffuse Large B-Cell Lymphoma; Ann Arbor Stage II Follicular Lymphoma; Ann Arbor Stage II Marginal Zone Lymphoma; Ann Arbor Stage III Diffuse Large B-Cell Lymphoma; Ann Arbor Stage III Follicular Lymphoma; Ann Arbor Stage III Marginal Zone Lymphoma; Ann Arbor Stage IV Diffuse Large B-Cell Lymphoma; Ann Arbor Stage IV Follicular Lymphoma; Ann Arbor Stage IV Marginal Zone Lymphoma; Diffuse Large B-Cell Lymphoma; High Grade B-Cell Lymphoma With MYC and BCL2 and/or BCL6 Rearrangements; High Grade B-Cell Lymphoma With MYC and BCL2 or BCL6 Rearrangements; High Grade B-Cell Lymphoma With MYC, BCL2, and BCL6 Rearrangements; Indolent Non-Hodgkin Lymphoma",PHASE1,50.0,Cyclophosphamide; Doxorubicin Hydrochloride; Parsaclisib; Pegfilgrastim; Polatuzumab Vedotin; Prednisone; Rituximab; Vincristine Sulfate,Given IV | Given IV | Given PO | Given SC | Given IV | Given PO | Given IV | Given IV,Unknown/Not Specified
NCT00051584,Safety/Efficacy Study of SGN-15 (Antibody-Drug Conjugate) Combined With Gemcitabine in Patients With Ovarian Cancer,TERMINATED,,2003-05,Seagen Inc.,INDUSTRY,Ovarian Neoplasms,PHASE2,60.0,SGN-15 (cBR96-Doxorubicin Immunoconjugate); Gemzar (Gemcitabine), | ,Unknown/Not Specified
NCT04036461,"A Study of CC-99712, a BCMA Antibody-Drug Conjugate, in Participants With Relapsed and Refractory Multiple Myeloma",TERMINATED,2019-08-26,2024-08-19,Celgene,INDUSTRY,Multiple Myeloma,PHASE1,47.0,CC-99712; BMS-986405,CC-99712 | BMS-986405,BCMA
NCT06830382,HER2-PET as a Precision Imaging Tool for Treatment With HER2-ADC in HER2-expressing mBC,RECRUITING,2025-10-03,2032-04-01,Renske Altena,OTHER,Breast Cancer Stage IV; HER2-low Breast Cancer; Molecular Imaging,NOT_APPLICABLE,70.0,Positron emission tomografy with [68Ga]Ga-ABY-025,Investigational Medicinal product (IMP):\[68Ga\]Ga-ABY-025 (all patients),HER2
NCT07528898,Neoadjuvant SHR-A1811 Combined With Pertuzumab in HER2-Positive Breast Cancer: An Exploratory Clinical Study.,NOT_YET_RECRUITING,2026-05,2029-07,Hebei Medical University Fourth Hospital,OTHER,Breast Cancer,PHASE2,100.0,SHR-A1811; Pertuzumab; trastuzumab; Chemotherapy,"SHR-A1811 is a HER2-targeted antibody-drug conjugate administered intravenously in combination with pertuzumab as neoadjuvant therapy. | Pertuzumab is a monoclonal antibody targeting HER2, administered intravenously as part of dual HER2 blockade. | Trastuzumab is a HER2-targeted monoclonal antibody administered intravenously as part of standard neoadjuvant therapy. | Chemotherapy includes taxane-based regimens with or without carboplatin (THP or TCbHP) administered according to institutional standards.",HER2
NCT03725761,Sacituzumab Govitecan in Patients With Metastatic Castration-Resistant Prostate Cancer Progressing on Second Generation AR-Directed Therapy,ACTIVE_NOT_RECRUITING,2018-10-24,2027-09,"University of Wisconsin, Madison",OTHER,Prostate Cancer,PHASE2,31.0,Sacituzumab Govitecan,Sacituzumab Govitecan is a novel Antibody Drug Conjugate (ADC) based on a humanized anti-Trop-2 antibody (hRS7) conjugated to SN-38 payload.,TROP2
NCT07340398,"Neoadjuvant Trastuzumab-rezetecan Plus Pertuzumab or Nab-Paclitaxel, Carboplatin, Trastuzumab, and Pyrotinib After Suboptimal Response to Neoadjuvant Dual HER2-Targeted Therapy Combined With Chemotherapy in HER2-Positive Early Breast Cancer",RECRUITING,2025-12-25,2031-01-01,"Second Affiliated Hospital, School of Medicine, Zhejiang University",OTHER,HER2-positive Early Breast Cancer,PHASE2,200.0,Nab paclitaxel; Carboplatin; Trastuzumab; Pertuzumab; SHR-A1811; Pyrotinib,Nab paclitaxel | carboplatin | trastuzumab | pertuzumab | a HER2-targeted antibody-drug conjugate (ADC) | Pyrotinib: an oral irreversible pan-HER tyrosine kinase inhibitor (TKI).,HER2
NCT05043987,"Dose Escalation and Expansion Study of CPO102, an Anti-claudin 18.2 ADC in Patients With Advanced Cancers",WITHDRAWN,2022-11-16,2022-11-16,"Conjupro Biotherapeutics, Inc.",INDUSTRY,Pancreatic Cancer; Gastric Cancer,PHASE1,0.0,CPO102,Anti-claudin 18.2 Antibody-MMAE Drug Conjugate,Claudin18.2
NCT01805037,Brentuximab Vedotin + Rituximab as Frontline Therapy for Pts w/ CD30+ and/or EBV+ Lymphomas,TERMINATED,2013-03-05,2018-12-31,Northwestern University,OTHER,"Adult Grade III Lymphomatoid Granulomatosis; Adult Nasal Type Extranodal NK/T-cell Lymphoma; Anaplastic Large Cell Lymphoma; Angioimmunoblastic T-cell Lymphoma; Contiguous Stage II Adult Burkitt Lymphoma; Contiguous Stage II Adult Diffuse Large Cell Lymphoma; Contiguous Stage II Adult Diffuse Mixed Cell Lymphoma; Contiguous Stage II Adult Diffuse Small Cleaved Cell Lymphoma; Contiguous Stage II Adult Immunoblastic Large Cell Lymphoma; Contiguous Stage II Adult Lymphoblastic Lymphoma; Contiguous Stage II Grade 1 Follicular Lymphoma; Contiguous Stage II Grade 2 Follicular Lymphoma; Contiguous Stage II Grade 3 Follicular Lymphoma; Contiguous Stage II Mantle Cell Lymphoma; Contiguous Stage II Marginal Zone Lymphoma; Contiguous Stage II Small Lymphocytic Lymphoma; Cutaneous B-cell Non-Hodgkin Lymphoma; Epstein-Barr Virus Infection; Extranodal Marginal Zone B-cell Lymphoma of Mucosa-associated Lymphoid Tissue; Hepatosplenic T-cell Lymphoma; Intraocular Lymphoma; Nodal Marginal Zone B-cell Lymphoma; Noncontiguous Stage II Adult Burkitt Lymphoma; Noncontiguous Stage II Adult Diffuse Large Cell Lymphoma; Noncontiguous Stage II Adult Diffuse Mixed Cell Lymphoma; Noncontiguous Stage II Adult Diffuse Small Cleaved Cell Lymphoma; Noncontiguous Stage II Adult Immunoblastic Large Cell Lymphoma; Noncontiguous Stage II Adult Lymphoblastic Lymphoma; Noncontiguous Stage II Grade 1 Follicular Lymphoma; Noncontiguous Stage II Grade 2 Follicular Lymphoma; Noncontiguous Stage II Grade 3 Follicular Lymphoma; Noncontiguous Stage II Mantle Cell Lymphoma; Noncontiguous Stage II Marginal Zone Lymphoma; Noncontiguous Stage II Small Lymphocytic Lymphoma; Noncutaneous Extranodal Lymphoma; Peripheral T-cell Lymphoma; Post-transplant Lymphoproliferative Disorder; Progressive Hairy Cell Leukemia, Initial Treatment; Recurrent Adult Burkitt Lymphoma; Recurrent Adult Diffuse Mixed Cell Lymphoma; Recurrent Adult Diffuse Small Cleaved Cell Lymphoma; Recurrent Adult Grade III Lymphomatoid Granulomatosis; Recurrent Adult Hodgkin Lymphoma; Recurrent Adult Immunoblastic Large Cell Lymphoma; Recurrent Adult Lymphoblastic Lymphoma; Recurrent Adult T-cell Leukemia/Lymphoma; Recurrent Cutaneous T-cell Non-Hodgkin Lymphoma; Recurrent Grade 1 Follicular Lymphoma; Recurrent Grade 2 Follicular Lymphoma; Recurrent Grade 3 Follicular Lymphoma; Recurrent Mantle Cell Lymphoma; Recurrent Marginal Zone Lymphoma; Recurrent Mycosis Fungoides/Sezary Syndrome; Recurrent Small Lymphocytic Lymphoma; Refractory Hairy Cell Leukemia; Small Intestine Lymphoma; Splenic Marginal Zone Lymphoma; Stage I Adult Burkitt Lymphoma; Stage I Adult Diffuse Large Cell Lymphoma; Stage I Adult Diffuse Mixed Cell Lymphoma; Stage I Adult Diffuse Small Cleaved Cell Lymphoma; Stage I Adult Hodgkin Lymphoma; Stage I Adult Immunoblastic Large Cell Lymphoma; Stage I Adult Lymphoblastic Lymphoma; Stage I Adult T-cell Leukemia/Lymphoma; Stage I Cutaneous T-cell Non-Hodgkin Lymphoma; Stage I Grade 1 Follicular Lymphoma; Stage I Grade 2 Follicular Lymphoma; Stage I Grade 3 Follicular Lymphoma; Stage I Mantle Cell Lymphoma; Stage I Marginal Zone Lymphoma; Stage I Small Lymphocytic Lymphoma; Stage IA Mycosis Fungoides/Sezary Syndrome; Stage IB Mycosis Fungoides/Sezary Syndrome; Stage II Adult Hodgkin Lymphoma; Stage II Adult T-cell Leukemia/Lymphoma; Stage II Cutaneous T-cell Non-Hodgkin Lymphoma; Stage IIA Mycosis Fungoides/Sezary Syndrome; Stage IIB Mycosis Fungoides/Sezary Syndrome; Stage III Adult Burkitt Lymphoma; Stage III Adult Diffuse Large Cell Lymphoma; Stage III Adult Diffuse Mixed Cell Lymphoma; Stage III Adult Diffuse Small Cleaved Cell Lymphoma; Stage III Adult Hodgkin Lymphoma; Stage III Adult Immunoblastic Large Cell Lymphoma; Stage III Adult Lymphoblastic Lymphoma; Stage III Adult T-cell Leukemia/Lymphoma; Stage III Cutaneous T-cell Non-Hodgkin Lymphoma; Stage III Grade 1 Follicular Lymphoma; Stage III Grade 2 Follicular Lymphoma; Stage III Grade 3 Follicular Lymphoma; Stage III Mantle Cell Lymphoma; Stage III Marginal Zone Lymphoma; Stage III Small Lymphocytic Lymphoma; Stage IIIA Mycosis Fungoides/Sezary Syndrome; Stage IIIB Mycosis Fungoides/Sezary Syndrome; Stage IV Adult Burkitt Lymphoma; Stage IV Adult Diffuse Large Cell Lymphoma; Stage IV Adult Diffuse Mixed Cell Lymphoma; Stage IV Adult Diffuse Small Cleaved Cell Lymphoma; Stage IV Adult Hodgkin Lymphoma; Stage IV Adult Immunoblastic Large Cell Lymphoma; Stage IV Adult Lymphoblastic Lymphoma; Stage IV Adult T-cell Leukemia/Lymphoma; Stage IV Cutaneous T-cell Non-Hodgkin Lymphoma; Stage IV Grade 1 Follicular Lymphoma; Stage IV Grade 2 Follicular Lymphoma; Stage IV Grade 3 Follicular Lymphoma; Stage IV Mantle Cell Lymphoma; Stage IV Marginal Zone Lymphoma; Stage IV Small Lymphocytic Lymphoma; Stage IVA Mycosis Fungoides/Sezary Syndrome; Stage IVB Mycosis Fungoides/Sezary Syndrome; T-cell Large Granular Lymphocyte Leukemia; Testicular Lymphoma; Untreated Hairy Cell Leukemia; Waldenström Macroglobulinemia",PHASE1; PHASE2,20.0,brentuximab vedotin; rituximab; laboratory biomarker analysis,Given IV | Given IV | Correlative studies,CD30
NCT04450732,Safety of GQ1001 in Adult Patients With HER2-Positive Advanced Solid Tumors,UNKNOWN,2020-07-07,2024-05-01,"GeneQuantum Healthcare (Suzhou) Co., Ltd.",INDUSTRY,HER2-positive Breast Cancer; HER2-positive Biliary Tract Cancer; HER2-Positive Salivary Gland Carcinomas; HER2-Positive Advanced Solid Tumor,PHASE1,96.0,GQ1001,anti-HER2 antibody drug conjugate,HER2
NCT06525298,EIS-12656 as Single Agent and in Combination in Patients With Specified Solid Tumors,RECRUITING,2024-09-09,2027-12,Eisbach Bio GmbH,INDUSTRY,Advanced Solid Tumor; Homologous Recombination Deficiency; HRR Deficiency,PHASE1; PHASE2,144.0,EIS-12656; Olaparib; Trastuzumab deruxtecan,EIS-12656 tablets given daily | as per USPI/SmPC | as per USPI/SmPC,Unknown/Not Specified
NCT05514158,"To Evaluate the Safety, Tolerability, Pharmacokinetics and Preliminary Efficacy of Disitamab Vedotin Combined With RC98 in the Treatment of Subjects With HER2-expressing Locally Advanced or Metastatic Gastric Cancer (Including AEG)",UNKNOWN,2022-09-28,2024-09-30,"RemeGen Co., Ltd.",INDUSTRY,Gastric Cancer,PHASE1,24.0,RC48-ADC; RC98,"RC48 for injection is a novel antibody-drug conjugate, with a her-2-targeting antibody and a microtube inhibitor | RC98 is a recombinant humanized IgG1 monoclonal antibody targeting programmed cell death-Ligand 1 (PD-L1)",HER2
NCT03262935,SYD985 vs. Physician's Choice in Participants With HER2-positive Locally Advanced or Metastatic Breast Cancer,COMPLETED,2017-12-15,2022-06-30,Byondis B.V.,INDUSTRY,Metastatic Breast Cancer,PHASE3,437.0,(vic-)trastuzumab duocarmazine; Physician's choice,"Intravenous SYD985, Q3W | See drug label",HER2
NCT06043674,"Phase 2 Study of Glofitamab Monotherapy & With Polatuzumab Vedotin, Pirtobrutinib, or Atezolizumab in Richter's Transformation",RECRUITING,2024-01-22,2033-01-15,Christine Ryan,OTHER,Chronic Lymphocytic Leukemia; Richter's Transformation,PHASE2,70.0,Glofitamab; Obinutuzumab; Polatuzumab Vedotin; Atezolizumab; Tocilizumab; Pirtobrutinib,"""2:1"" T-cell bispecific humanized monoclonal antibody, administered via intravenous infusion per protocol. | Humanized glycoengineered type II anti-CD20 monoclonal antibody, administered via intravenous infusion per protocol. | Antibody-drug conjugate, administered via intravenous infusion per protocol. | Humanized immunoglobulin monoclonal antibody, administered via intravenous infusion per protocol. | For the treatment of Cytokine Release Syndrome. Recombinant, humanized, anti-human monoclonal antibody, administered via intravenous infusion per protocol. | Selective inhibitor of BTK, 50 mg or 100 mg tablet, via oral administration per protocol.",CD20
NCT07109219,Study of AZD4512 Monotherapy or in Combination With Anticancer Agents in Participants With Acute Lymphoblastic Leukemia,RECRUITING,2025-11-12,2028-07-03,AstraZeneca,INDUSTRY,B-cell Acute Lymphoblastic Leukemia (B-ALL),PHASE1; PHASE2,83.0,AZD4512 monotherapy,Patients will receive AZD4512 as monotherapy via intravenous infusion. AZD4512 is an antibody-drug conjugate targeting CD22,CD22
NCT02565758,"ABBV-085, an Antibody Drug Conjugate, in Subjects With Advanced Solid Tumors",COMPLETED,2015-09-18,2019-03-25,AbbVie,INDUSTRY,Advanced Solid Tumors; Undifferentiated Pleomorphic Sarcoma; Squamous Cell Carcinoma of the Head and Neck; Carcinoma of the Breast,PHASE1,85.0,ABBV-085,Administered as an intravenous infusion in 28-day dosing cycles.,Unknown/Not Specified
NCT01874054,Study of Brentuximab Vedotin Combined With Bendamustine in Patients With Hodgkin Lymphoma,COMPLETED,2013-06,2018-02-20,Seagen Inc.,INDUSTRY,Hodgkin Disease,PHASE1; PHASE2,55.0,brentuximab vedotin; bendamustine,1.8 mg/kg every 3 weeks by intravenous (IV) infusion | 90 mg/m2 on Days 1 and 2 of 3-week cycles,Unknown/Not Specified
NCT05115500,"ADC Combined With Hypofractionated Radiotherapy, PD-1/PD-L1 Sequential GM-CSF and IL-2 for Treatment of HER-2 Positive Advanced Solid Tumors(PRaG3.0)",UNKNOWN,2021-11-01,2025-04-30,Second Affiliated Hospital of Soochow University,OTHER,Carcinoma; Solid Tumor,PHASE2,55.0,"ADC Combined With Radiotherapy, PD-1/PD-L1 Sequential GM-CSF and IL-2","RC48-ADC combined with hypofractionated radiotherapy, PD-1/PD-L1 inhibitor sequential GM-CSF and IL-2",HER2
NCT06921928,Study for AZD4360 in Participants With Advanced Solid Tumours,RECRUITING,2025-04-29,2027-12-16,AstraZeneca,INDUSTRY,Gastric Cancer; Gastroesophageal Junction Cancer; Biliary Tract Cancer; Pancreatic Ductal Adenocarcinoma,PHASE1; PHASE2,117.0,AZD4360,Antibody-Drug Conjugate targeting Claudin 18.2 (CLDN18.2),Claudin18.2
NCT03281824,"Clinical Study of ALT-P7 to Determine Safety, Tolerability and Pharmacokinetics in Breast Cancer Patients",COMPLETED,2018-01-11,2021-01-15,"Alteogen, Inc.",INDUSTRY,HER2-positive Breast Cancer,PHASE1,27.0,ALT-P7 (HM2-MMAE),Antibody-Drug Conjugate,HER2
NCT07473726,"A Phase I Clinical Study to Evaluate the Safety, Tolerability, and PK of HLX48 in Advanced/Metastatic Solid Tumors",RECRUITING,2026-06-30,2028-08,Shanghai Henlius Biotech,INDUSTRY,Advanced/Metastatic Solid Tumors,PHASE1,72.0,HLX48,EGFR/c-MET Bispecific Antibody-Drug Conjugate,EGFR; c-Met
NCT01461538,Brentuximab Vedotin in Patients With CD30-positive Nonlymphomatous Malignancies,COMPLETED,2011-10,2014-12,Seagen Inc.,INDUSTRY,"Acute Lymphoid Leukemia; Acute Myeloid Leukemia; Anemia, Refractory, With Excess of Blasts; Solid Tumors",PHASE2,84.0,brentuximab vedotin; brentuximab vedotin; brentuximab vedotin,"1.8 mg/kg every 3 weeks by intravenous (IV) infusion | 2.4 mg/kg every 3 weeks by intravenous (IV) infusion | 1.2 mg/kg weekly, 3 out of 4 weeks, by intravenous (IV) infusion",CD30
NCT03473691,Pilot Study of Glembatumumab Vedotin Following Doxorubicin and Cytoxan as Neo-adjuvant Therapy in Gp-NMB-expressing High Risk Triple Negative Breast Cancer,WITHDRAWN,2018-05-01,2018-05-01,University of Virginia,OTHER,Triple Negative Breast Cancer,EARLY_PHASE1,0.0,Glembatumumab Vedotin,Standard neo-adjuvant dose-dense doxorubicin 60 mg/m2 and Cytoxan 600 mg/m2 IV every 14 days for 4 cycles followed by GV 1.9 mg/kg IV every 21 days for 4 cycles.,Unknown/Not Specified
NCT05755048,FS-1502 Versus T-DM1 for HER2-Positive Unresectable Locally Advanced or Metastatic Breast Cancer,UNKNOWN,2023-03-28,2026-01-31,Shanghai Fosun Pharmaceutical Industrial Development Co. Ltd.,INDUSTRY,Breast Cancer,PHASE3,314.0,"Investigational drug: Recombinant Anti-HER2 Humanized Monoclonal Antibody - Monomethyl Auristatin F Conjugates for Injection (FS-1502); Control drug: Trastuzumab emtansine (Kadcyla, T-DM1)","Experimental: FS-1502 Dosage form: lyophilized powder Specification: 30 mg/vial Dose: 2.3 mg/kg, once every 3 weeks, 21 days as a cycle; Method of administration: intravenous drip. | Active Comparator: Trastuzumab Emtansine (T-DM1) Trade name: Kadcyla Dosage form: lyophilized powder Specification: 100 mg/vial Dose: 3.6 mg/kg, once every 3 weeks, 21 days as a cycle; Method of administration: intravenous drip (this drug has been approved for marketing. Please refer to the package insert for details).",HER2
NCT04479267,Polatuzumab Vedotin and Combination Chemotherapy for the Treatment of Previously Untreated Lymphoma,ACTIVE_NOT_RECRUITING,2020-08-21,2026-07-19,Barbara Ann Karmanos Cancer Institute,OTHER,"Diffuse Large B-Cell Lymphoma; High Grade B-Cell Lymphoma w/MYC & BCL2 or BCL6 Rearrangements; High Grade B-Cell Lymphoma w/MYC, BCL2 & BCL6 Rearrangements; Double Expressor Lymphoma; High-grade B-cell Lymphoma",PHASE2,8.0,Prednisone; Prednisolone; Methylprednisolone; Rituximab; Polatuzumab Vedotin; Cyclophosphamide; Doxorubicin Hydrochloride,Given PO | Given IV | Given IV | Given IV | Given IV | Given IV | Given IV,Unknown/Not Specified
NCT07106892,"Phase II, Open-label, Multicenter Study to Evaluate the Efficacy and Safety of HLX43 (an Anti-PD-L1 ADC) in Subjects With Advanced Colorectal Cancer",RECRUITING,2025-09-15,2027-08-30,Shanghai Henlius Biotech,INDUSTRY,Colorectal Cancer (CRC),PHASE2,60.0,HLX43 Dose 1;; HLX43 Dose 2;; HLX43 Dose 3;,"HLX43 is an anti-PD-L1 monoclonal antibody conjugated with a novel high potency DNA topoisomerase I (topo I) inhibitor, with a drug-antibody-ratio (DAR) of 8. DOSE 1 is 2.0mg/kg | HLX43 is an anti-PD-L1 monoclonal antibody conjugated with a novel high potency DNA topoisomerase I (topo I) inhibitor, with a drug-antibody-ratio (DAR) of 8. DOSE 2 is 2.5mg/kg | HLX43 is an anti-PD-L1 monoclonal antibody conjugated with a novel high potency DNA topoisomerase I (topo I) inhibitor, with a drug-antibody-ratio (DAR) of 8. DOSE 2 is 3.0mg/kg",Unknown/Not Specified
NCT05775471,Pembrolizumab and Enfortumab Vedotin With Pembrolizumab Prior to and After Radical Nephroureterectomy for High-Risk Upper Tract Urothelial Cancer,RECRUITING,2024-06-26,2028-12-01,Jonsson Comprehensive Cancer Center,OTHER,Renal Pelvis and Ureter Urothelial Carcinoma,PHASE2,21.0,Biopsy; Biospecimen Collection; Enfortumab Vedotin; MR Urography; Nephroureterectomy; Pembrolizumab,Undergo tissue biopsy | Undergo blood and urine collection | Given IV | Undergo MRU | Undergo nephroureterectomy | Given IV,Unknown/Not Specified
NCT04983121,Efficacy and Safety of Pyrotinib Maleate Combined With ARX788 Neoadjuvant Treatment in Breast Cancer Patients,RECRUITING,2021-08-01,2027-08-15,Shengjing Hospital,OTHER,Breast Neoplasms,PHASE2,30.0,Next-generation Site-specific human epidermal growth factor receptor 2 (HER2)-targeting Antibody-drug Conjugate (ARX788),"The subjects who sign an informed consent will enter the treatment period after screening. Each eligible subject will receive pyrotinib, 320 mg once a day, with 21 days as a session, for 6 sessions in total before operation. Next-generation Site-specific human epidermal growth factor receptor 2 (HER2)-targeting Antibody-drug Conjugate (ARX788) will be intravenously injected at a dose of 1.5 mg/kg, once every 3 weeks, with 21 days as a session, for 6 sessions before surgery. Breast MRI and other imaging examinations will be reviewed every 2 sessions to evaluate the curative effect, and the patient's baseline will be defined based on the imaging report at the time of enrollment. If a definite effect (complete response/partial response) is achieved, surgical treatment will be performed within 4 weeks (\> 2 weeks) after completion of 6 sessions of neoadjuvant therapy.",HER2
NCT06929663,A Study of AK146D1 for Injection in the Treatment of Advanced Solid Tumors,RECRUITING,2025-07-02,2027-05-05,Akeso,INDUSTRY,Advanced Solid Tumors,PHASE1,48.0,AK146D1 for injection,AK146D1 for injection is an anti-Trop2/Nectin4 bispecific antibody-drug conjugate,Nectin-4; TROP2
NCT03828292,"An Open-label, Dose Escalation Study in Japanese Participants With Relapsed/Refractory Multiple Myeloma Who Have Failed Prior Anti Myeloma Treatments",COMPLETED,2019-03-14,2024-09-05,GlaxoSmithKline,INDUSTRY,Multiple Myeloma,PHASE1,15.0,Belantamab mafodotin; Bortezomib; Dexamethasone; Pomalidomide,Belantamab mafodotin will be administered as an intravenous infusion. | Bortezomib solution for injection will be administered subcutaneously. | Dexamethasone tablets will be administered orally. | Pomalidomide capsules will be administered orally.,Unknown/Not Specified
NCT06710132,Study of Anti-CEACAM5 ADC M9140 in Participants With Advanced Solid Tumors (PROCEADE PanTumor),ACTIVE_NOT_RECRUITING,2025-01-29,2027-12-23,"EMD Serono Research & Development Institute, Inc.",INDUSTRY,Solid Tumors; Gastric Cancer; Non-Small Cell Lung Cancer (NSCLC); Pancreatic Cancer; Pancreatic Ductal Adenocarcinoma (PDAC),PHASE1; PHASE2,250.0,M9140,All participants will receive 2.8 milligram per kilogram (mg/kg) M9140 intravenously (i.v.) every 3 weeks (q3w) on Day 1 of consecutive 21-day cycles.,CEACAM5
NCT04606914,"Study of Carboplatin and Mirvetuximab Soravtansine in First-Line Treatment of Patients Receiving Neoadjuvant Chemotherapy With Advanced-Stage Ovarian, Fallopian Tube or Primary Peritoneal Cancer",RECRUITING,2021-05-27,2028-05-31,University of Alabama at Birmingham,OTHER,Ovarian Cancer; Fallopian Tube; Primary Peritoneal Cancer,PHASE2,70.0,mirvetuximab soravtansine (MIRV; IMGN853),"Mirvetuximab soravtansine (also known as IMGN853 and MIRV) is an antibody-drug conjugate (ADC) that consists of a high affinity humanized monoclonal antibody against folate receptor α (FRα, the protein product of the folate receptor 1 \[FOLR1\] gene) that is conjugated to a cytotoxic maytansinoid by the hindered disulfide succinimidyl 4-(pyridin-2-yl)disulfanyl)-2-sulfo-butyrate linker (sulfo-SPDB) linker. FRα is a glycosyl-phosphatidylinositol (GPI)-linked protein, which shows limited normal tissue expression and high expression on the surface of solid tumors, particularly epithelial ovarian cancer, fallopian tube cancer, and primary peritoneal cancer (referenced herein collectively as EOC), endometrial cancer, non-small cell lung cancer (NSCLC), and renal cell cancer.",Folate Receptor
NCT07483684,"A Clinical Study to Evaluate Injection TQB2102 for the Treatment of Patients With HER2 IHC3+ Advanced Colorectal Cancer Who Progressed After Treatment With Oxaliplatin, Irinotecan and Fluoropyrimidine-Based Drugs",NOT_YET_RECRUITING,2026-03,2028-12,"Chia Tai Tianqing Pharmaceutical Group Nanjing Shunxin Pharmaceutical Co., Ltd.",INDUSTRY,HER2 IHC3+ Advanced Colorectal Cancer,PHASE3,142.0,TQB2102 Injection; Trifluridine /Tipiracil (TAS-102) tablets / Fruquintinib / Regorafenib tablets,"TQB2102 Injection is a next-generation HER2 Antibody-Drug Conjugate (ADC) drug. | TAS-102 Tablets: Antimetabolite antitumor drug; trifluridine inhibits DNA synthesis by incorporating into tumor cell DNA, while tipiracil increases trifluridine bioavailability by inhibiting its degradation.

Fruquintinib Tablets: Oral small-molecule VEGFR inhibitor; blocks VEGFR 1/2/3 signaling to inhibit tumor angiogenesis, cutting off tumor nutrient and oxygen supply.

Regorafenib Tablets: Multikinase inhibitor; targets VEGFR, PDGFR, Fibroblast Growth Factor Receptor (FGFR), and Raf kinases to inhibit tumor angiogenesis, cell proliferation, and metastasis.",EGFR; HER2
NCT02819999,A Study of Rovalpituzumab Tesirine (SC16LD6.5) in the Frontline Treatment of Patients With Extensive Stage Small Cell Lung Cancer,TERMINATED,2016-10,2019-05-31,AbbVie,INDUSTRY,Small Cell Lung Cancer,PHASE1,28.0,Rovalpituzumab Tesirine; Cisplatin; Etoposide,Rovalpituzumab tesirine is a DLL3 targeted antibody drug conjugate (ADC). |  | ,DLL3
NCT05456685,"Mirvetuximab Soravtansine (MIRV) With Carboplatin in Second-line Treatment of Folate Receptor Alpha (FRα) Expressing, Platinum-sensitive Epithelial Ovarian Cancer",ACTIVE_NOT_RECRUITING,2022-09-28,2026-11,AbbVie,INDUSTRY,High Grade Ovarian Cancer; Primary Peritoneal Cancer; Fallopian Tube Cancer,PHASE2,125.0,Mirvetuximab soravtansine; Carboplatin,"Mirvetuximab Soravtansine (MIRV) is an investigational antibody drug conjugate designed to selectively kill cancer cells. The antibody (protein) part of MIRV targets tumors by delivering a cell-killing drug to the tumor cells carrying a tumor-associated protein called FRα. It is being developed for the treatment of participants with recurrent platinum-sensitive, high grade epithelial ovarian, primary peritoneal, or fallopian tube cancers with FRα expression. FRα positivity will be defined by the Ventana FOLR1 Assay. | Carboplatin is considered to be the treatment agent of choice in relapsed PSOC.",Folate Receptor
NCT03907488,Immunotherapy (Nivolumab or Brentuximab Vedotin) Plus Combination Chemotherapy in Treating Patients With Newly Diagnosed Stage III-IV Classic Hodgkin Lymphoma,ACTIVE_NOT_RECRUITING,2019-08-29,2027-03-28,National Cancer Institute (NCI),NIH,Ann Arbor Stage III Hodgkin Lymphoma; Ann Arbor Stage III Lymphocyte-Depleted Classic Hodgkin Lymphoma; Ann Arbor Stage III Mixed Cellularity Classic Hodgkin Lymphoma; Ann Arbor Stage III Nodular Sclerosis Classic Hodgkin Lymphoma; Ann Arbor Stage IV Hodgkin Lymphoma; Ann Arbor Stage IV Lymphocyte-Depleted Classic Hodgkin Lymphoma; Ann Arbor Stage IV Mixed Cellularity Classic Hodgkin Lymphoma; Ann Arbor Stage IV Nodular Sclerosis Classic Hodgkin Lymphoma; Classic Hodgkin Lymphoma; Lymphocyte-Rich Classic Hodgkin Lymphoma,PHASE3,994.0,Biospecimen Collection; Brentuximab Vedotin; Computed Tomography; Dacarbazine; Doxorubicin Hydrochloride; Filgrastim; Magnetic Resonance Imaging; Nivolumab; Pegfilgrastim; Positron Emission Tomography; Quality-of-Life Assessment; Questionnaire Administration; Radiation Therapy; Vinblastine Sulfate,Undergo peripheral blood collection | Given IV | Undergo PET/CT or CT scan | Given IV | Given IV | Given SC or IV | Undergo MRI | Given IV | Given SC | Undergo PET/CT scan | Ancillary studies | Ancillary studies | Receive radiation therapy | Given IV,Unknown/Not Specified
NCT06224673,ARX788 for Treating Patients With HER2-low Locally Advanced Unresectable or Metastatic Breast Cancer,RECRUITING,2026-06-05,2029-11-30,"Laura Huppert, MD, BA",OTHER,HER2 Low Breast Carcinoma; Triple Negative Breast Cancer; Hormone-receptor-positive Breast Cancer; Hormone Receptor Positive Breast Carcinoma,PHASE2,36.0,ARX788; Computed Tomography (CT); Biospecimen Collection; Amiloride,Given IV | Undergo CT or Positron Emission Tomography(PET)/CT | Undergo collection of blood samples | Ophthalmologic drops given topically to participants for an eye toxicity substudy,HER2
NCT06877416,Analysis of Exploring Optimized Sequential Treatment Strategies of Antibody-Drug Conjugates (ADCs) in HER2-Low-Expressing Breast Cancer,RECRUITING,2020-01-01,2026-01,Sun Yat-sen University,OTHER,Antibody-drug Conjugates; HER2-low Breast Cancer; Breast Neoplasms,NOT_APPLICABLE,700.0,Non-intervention research,Non-intervention research,HER2
NCT02552121,Tisotumab Vedotin (HuMax®-TF-ADC) Safety Study in Patients With Solid Tumors,COMPLETED,2015-11-30,2017-12-13,Seagen Inc.,INDUSTRY,Ovary Cancer; Cervix Cancer; Endometrium Cancer; Bladder Cancer; Prostate Cancer (CRPC); Esophagus Cancer; Lung Cancer (NSCLC),PHASE1; PHASE2,33.0,Tisotumab vedotin (HuMax-TF-ADC),,Unknown/Not Specified
NCT03386513,Study of IMGN632 in Patients With Untreated BPDCN and Relapsed/Refractory BPDCN,ACTIVE_NOT_RECRUITING,2018-01-02,2026-12-30,AbbVie,INDUSTRY,Blastic Plasmacytoid Dendritic Cell Neoplasm; Myeloproliferative Neoplasm,PHASE1; PHASE2,179.0,IMGN632,CD123-targeted ADC,Unknown/Not Specified
NCT03507166,A Phase II Study of RC48-ADC in Subjects With HER2 Positive Metastatic or Unresectable Urothelial Cancer,COMPLETED,2017-12-28,2018-10-29,"RemeGen Co., Ltd.",INDUSTRY,Urothelial Carcinoma; Advanced Cancer,PHASE2,43.0,RC48-ADC,2 mg/kg IV every 2 weeks,HER2
NCT01712490,A Frontline Therapy Trial in Participants With Advanced Classical Hodgkin Lymphoma,COMPLETED,2012-11-09,2026-02-02,Takeda,INDUSTRY,Hodgkin Lymphoma,PHASE3,1334.0,brentuximab vedotin; doxorubicin; bleomycin; vinblastine; dacarbazine,Brentuximab vedotin (ADCETRIS®)1.2 mg/kg by IV infusion on Days 1 and 15 of each 28-day cycle. | Doxorubicin: 25 mg/m\^2 by IV infusion on Days 1 and 15 of each 28-day cycle. | Bleomycin: 10 units/m\^2 by IV infusion on Days 1 and 15 of each 28-day cycle. | Vinblastine: 6 mg/m2 will be administered by IV infusion on Days 1 and 15 of each 28-day cycle | Dacarbazine (DTIC): 375 mg/m\^2 by IV infusion on Days 1 and 15 of each 28-day cycle.,Unknown/Not Specified
NCT04595565,Sacituzumab Govitecan in Primary HER2-negative Breast Cancer,ACTIVE_NOT_RECRUITING,2020-10-28,2029-03-30,GBG Forschungs GmbH,OTHER,HER2-negative Breast Cancer; Triple Negative Breast Cancer,PHASE3,1332.0,Capecitabine; Carboplatin; Cisplatin; Sacituzumab govitecan,"2000 mg/m² day 1-14 q21 day cycle for eight cycles | AUC 5 q3w or AUC 1.5 weekly for eight 3 weekly cycles | 25mg/m3 weekly or 75 mg/m3 q3w | 10 mg/kg body weight on days 1, 8 q3w",HER2
NCT00077493,BL22 Immunotoxin In Treating Young Patients With Relapsed or Refractory Acute Lymphoblastic Leukemia or Non-Hodgkin's Lymphoma,SUSPENDED,2004-01,2008-10,MedImmune LLC,INDUSTRY,Leukemia; Lymphoma,PHASE1,95.0,BL22 immunotoxin; antibody-drug conjugate therapy; immunotoxin therapy; monoclonal antibody therapy,"BL22 immunotoxin IV over 30 minutes on days 1, 3, and 5 OR on days 1, 3, 5, 7, 9, and 11. Treatment repeats every 21 days for up to 6 courses in the absence of disease progression or unacceptable toxicity. Patients who achieve a complete response (CR) or unconfirmed CR (CRu) receive 2 additional courses beyond CR or CRu for a maximum of 6 courses. | CD22 antibody, RFB4 on day 7 | tested for immunogenicity to CAT-8015 before each cycle and at end of study. | administered intravenously over 30 minutes.",CD22
NCT06822543,"A Single Arm, Phase 2 Study of Datopotamab Deruxtecan, Carboplatin, and Pembrolizumab for Treatment-naive Brain Metastases From NSCLC (Non-small Cell Lung Cancer)",RECRUITING,2025-09-30,2028-11-01,Latin American Cooperative Oncology Group,OTHER,Lung Cancer; Non Small Cell Lung Cancer; Brain Metastases,PHASE2,46.0,Pembrolizumab; Datopotamab deruxtecan; Carboplatin,"Pembrolizumab is a potent humanized immunoglobulin G4 (IgG4) monoclonal antibody (mAb) with high specificity of binding to the programmed cell death 1 (PD-1) receptor, thus inhibiting its interaction with programmed cell death ligand 1 (PD-L1) and programmed cell death ligand 2 (PD-L2). | Datopotamab deruxtecan (Dato-DXd) is a novel antibody-drug conjugate (ADC) composed of a humanized anti-TROP2 IgG1 monoclonal antibody linked to a topoisomerase I inhibitor payload and a cleavable linker. | Carboplatin is a platinum compound chemotherapy used to treat lung cancer with a known safety profile. For more details on specific indications refer to the approved product label.",TROP2
NCT03529110,"DS-8201a Versus T-DM1 for Human Epidermal Growth Factor Receptor 2 (HER2)-Positive, Unresectable and/or Metastatic Breast Cancer Previously Treated With Trastuzumab and Taxane [DESTINY-Breast03]",ACTIVE_NOT_RECRUITING,2018-08-09,2026-07-30,Daiichi Sankyo,INDUSTRY,Breast Cancer,PHASE3,524.0,Trastuzumab deruxtecan (T-DXd); Ado-trastuzumab emtansine (T-DM1),T-DXd is sterile lyophilized powder reconstituted into a sterile aqueous solution (100 mg/5 mL) to be administered intravenously. | The treatment will be in accordance with the approved label.,HER2
NCT07644650,Phase 1 Study of MST-168 in Participants With Advanced Solid Malignant Tumors,NOT_YET_RECRUITING,2026-06-15,2030-06-30,"Mabsoft Therapeutics (Shanghai) Co., Ltd.",INDUSTRY,Neoplams,PHASE1,420.0,MST-168,MST-168 is a proprietary antibody-drug conjugate (ADC) developed by Mabsoft Therapeutics.,Unknown/Not Specified
NCT03606174,A Phase 2 Study of Sitravatinib in Combination With PD-(L)1 Checkpoint Inhibitor Regimens in Patients With Advanced or Metastatic Urothelial Carcinoma,TERMINATED,2018-09-11,2022-08-22,Mirati Therapeutics Inc.,INDUSTRY,Urothelial Carcinoma; Urothelial Carcinoma Bladder; Urothelial Carcinoma Ureter; Urothelial Carcinoma of the Renal Pelvis and Ureter; Urothelial Carcinoma Urethra,PHASE2,260.0,Sitravatinib; Nivolumab; Pembrolizumab; Enfortumab vedotin,"Sitravatinib is a small molecule inhibitor of receptor tyrosine kinases | Nivolumab is a programmed death receptor-1 (PD-1) blocking antibody | Pembrolizumab is a programmed death receptor-1 (PD-1) blocking antibody | Enfortumab is a Nectin-4 directed antibody-drug conjugate (ADC) comprised of a monoclonal antibody conjugated to the small molecule microtubule disrupting agent, monomethyl auristatin E (MMAE)",Nectin-4
NCT05525286,Clinical Trial of SOT102 Antibody Drug Conjugate in Patients With Advanced Gastric and Pancreatic Adenocarcinoma,TERMINATED,2022-03-31,2024-12-13,SOTIO Biotech a.s.,INDUSTRY,Pancreatic Cancer,PHASE1; PHASE2,31.0,SOT102,SOT102 is an antibody-drug conjugate (ADC) targeting CLDN18.2 with the anthracycline PNU as cytotoxic moiety.,Unknown/Not Specified
NCT06104618,Enfortumab Vedotin for the Treatment of Patients With Metastatic or Unresectable Squamous Cell Carcinoma of the Penis,RECRUITING,2023-12-21,2028-06-01,Mayo Clinic,OTHER,Metastatic Penile Squamous Cell Carcinoma; Stage III Penile Cancer AJCC v8; Stage IV Penile Cancer AJCC v8; Unresectable Penile Squamous Cell Carcinoma,PHASE2,28.0,Enfortumab Vedotin; Computed Tomography; Magnetic Resonance Imaging,Given IV | Undergo CT | Undergo MRI,Unknown/Not Specified
NCT07198724,ERADICATE: A Phase Ib/II Study of Elacestrant Plus Trastuzumab Deruxtecan in Patients With CDK4/6 Inhibitor and Endocrine-resistant HR+/HER2-low or HER2-ultralow Metastatic Breast Cancer,RECRUITING,2025-11-17,2038-06-01,Kristina A. Fanucci,OTHER,Metastatic Breast Cancer; HER2 Low Breast Carcinoma; HER2-negative Breast Cancer; Breast Cancer; Breast Cancer Female,PHASE1; PHASE2,65.0,Elacestrant; Trastuzumab Deruxtecan,"Selective estrogen receptor degrader (SERD), film-coated tablet, taken orally per protocol. | HER2-directed antibody-drug conjugate, vial, via intravenous (into the vein) infusion per standard of care",HER2
NCT02277717,First-in-human Study With the Antibody-drug Conjugate SYD985 to Evaluate Safety and Efficacy in Cancer Patients,COMPLETED,2014-10,2019-10,Byondis B.V.,INDUSTRY,Solid Tumors,PHASE1,185.0,SYD985 (trastuzumab vc-seco-DUBA),IV (in the vein) infusion every three weeks. Number of Cycles: until cancer progression or unacceptable toxicity develops. Different doses.,Unknown/Not Specified
NCT01631552,Study of Sacituzumab Govitecan-hziy (IMMU-132) in Adults With Epithelial Cancer,COMPLETED,2012-12-17,2020-08-13,Gilead Sciences,INDUSTRY,Gastric Adenocarcinoma; Esophageal Cancer; Hepatocellular Carcinoma; Non-small Cell Lung Cancer; Small Cell Lung Cancer; Ovarian Epithelial Cancer; Carcinoma Breast Stage IV; Hormone-refractory Prostate Cancer; Head and Neck Cancers- Squamous Cell; Renal Cell Cancer; Urinary Bladder Neoplasms; Cervical Cancer; Endometrial Cancer; Glioblastoma Multiforme; Triple Negative Breast Cancer; Pancreatic Cancer,PHASE1; PHASE2,515.0,Sacituzumab Govitecan-hziy (SG),Administered via intravenous (IV) infusion,Unknown/Not Specified
NCT06630247,"A Dose-escalation, Dose-finding, and Expansion Study of XL495 in Participants With Locally Advanced or Metastatic Solid Tumors",TERMINATED,2024-10-17,2025-05-07,Exelixis,INDUSTRY,"Solid Cancers; Solid Tumor Cancer; Solid Tumor Malignancy; Urothelial Cancer (Urinary Bladder, Ureters, or Renal Pelvis Cancer); Metastatic Solid Tumor; Locally Advanced Solid Tumor; Urothelial Cancer of Renal Pelvis",PHASE1,9.0,XL495; ADC cytotoxic agents,oral doses of XL495 | intravenous infusion of anti-cancer combination agent,Unknown/Not Specified
NCT06806046,Anti-CEACAM5 ADC Precemtabart Tocentecan (M9140) in Chinese Participants With Solid Tumors,ACTIVE_NOT_RECRUITING,2024-12-20,2026-09-30,"Merck Healthcare KGaA, Darmstadt, Germany, an affiliate of Merck KGaA, Darmstadt, Germany",INDUSTRY,Solid Tumors; Colorectal Cancer,PHASE1,12.0,M9140,"M9140 will be administered every 3 weeks until progression, unacceptable toxicity, withdrawal of consent, or any criterion for withdrawal from the study. There will be 2 dose levels, if the low dose level is tolerated, then M9140 will be escalated to the high dose level.",CEACAM5
NCT07638722,"Testing Mosunetuzumab Alone, With Zanubrutinib, or With Polatuzumab Vedotin for Treating Marginal Zone Lymphoma That Came Back or Didn't Get Better With Treatment",NOT_YET_RECRUITING,2026-10-03,2029-07-31,SWOG Cancer Research Network,NETWORK,Recurrent Extranodal Marginal Zone Lymphoma of Mucosa-Associated Lymphoid Tissue; Recurrent Nodal Marginal Zone Lymphoma; Recurrent Splenic Marginal Zone Lymphoma; Refractory Extranodal Marginal Zone Lymphoma of Mucosa-Associated Lymphoid Tissue; Refractory Nodal Marginal Zone Lymphoma; Refractory Splenic Marginal Zone Lymphoma,PHASE2,138.0,Biospecimen Collection; Bone Marrow Biopsy; Computed Tomography; Mosunetuzumab; Polatuzumab Vedotin; Positron Emission Tomography; Survey Administration; Zanubrutinib,Undergo blood sample collection | Undergo bone marrow biopsy | Undergo CT scan | Given SC | Given IV | Undergo PET scan | Ancillary studies | Given PO,Unknown/Not Specified
NCT07286331,A Study to Investigate Mocertatug Rezetecan Compared With Chemotherapy in Participants With Endometrial Cancer After Platinum-based Chemotherapy and Immunotherapy (BEHOLD-Endometrial01),RECRUITING,2026-06-04,2029-05-30,GlaxoSmithKline,INDUSTRY,"Neoplasms, Endometrial",PHASE3,600.0,Mocertatug rezetecan; Paclitaxel; Doxorubicin,Mocertatug rezetecan will be administered | Paclitaxel will be administered | Doxorubicin will be administered,Unknown/Not Specified
NCT04319198,Rollover Study in Participants With Metastatic Solid Tumors Benefiting From Therapy With Sacituzumab Govitecan-hziy,COMPLETED,2020-08-04,2024-10-18,Gilead Sciences,INDUSTRY,Metastatic Solid Tumors,PHASE4,25.0,Sacituzumab Govitecan-hiy,Administered intravenously,Unknown/Not Specified
NCT06555263,Study to Investigate Luveltamab Tazevibulin in Adults With Advanced or Metastatic Non-small Cell Lung Cancer,WITHDRAWN,2024-08-21,2025-05-01,"Sutro Biopharma, Inc.",INDUSTRY,"Lung Cancer; Lung Cancer Metastatic; Lung Cancer, Nonsmall Cell; Lung Cancer Non-Small Cell Stage IIIB; Lung Cancer Non-small Cell Stage IV; Lung Cancer, Non-small Cell",PHASE2,0.0,Luveltamab tazevibulin,"Luveltamab tazevibulin is an antibody-drug conjugate (ADC) targeting folate receptor α (FRα or FOLR1). It consists of an IgG1 antibody (SP8166) conjugated to cathepsin cleavable 3-aminophenyl hemiasterlin payload, yielding a homogenous ADC with a drug antibody ratio of four. The active warhead (SC209) inhibits tubulin polymerization leading to mitotic arrest and cell death.",Folate Receptor
NCT05156866,First in Human Study of TORL-2-307-ADC in Participants With Advanced Cancer,ACTIVE_NOT_RECRUITING,2022-02-02,2027-02-15,"TORL Biotherapeutics, LLC",INDUSTRY,Advanced Solid Tumor; Gastric Cancer; Pancreas Cancer; Gastroesophageal Junction Adenocarcinoma,PHASE1,163.0,TORL-2-307-ADC,antibody drug conjugate,Unknown/Not Specified
NCT03523572,Trastuzumab Deruxtecan With Nivolumab in Advanced Breast and Urothelial Cancer,COMPLETED,2018-08-02,2023-09-12,Daiichi Sankyo,INDUSTRY,Breast Cancer; Urothelial Carcinoma,PHASE1,86.0,Trastuzumab deruxtecan; Nivolumab,"The investigational product is a sterile lyophilized powder, which is made into solution for intravenous administration. | Nivolumab is an aqueous solution formulated at 10 mg/mL to be administered at a flat dose of 360 mg IV over 30 minutes. Protocol-defined thyroid testing is required while taking nivolumab.",Unknown/Not Specified
NCT06548672,"A Study to Assess the Safety, Pharmacokinetics, and Antitumor Activity of BC3195 in Patients With Advanced or Metastatic Cancer",RECRUITING,2024-06-24,2027-06-30,"Biocity Biopharmaceutics Co., Ltd.",INDUSTRY,Advanced Cancer; Metastatic Solid Tumor,PHASE1,148.0,BC3195,"BC3195 is a novel antibody drug conjugate (ADC) targeting CDH3 (calcium-dependent adhesion 3). The payload, monomethyl auristatin E (MMAE), is a microtubule disrupting agent covalently attached to the antibody via a cleavable dipeptide linker Val-Cit (vc).",Unknown/Not Specified
NCT02572167,A Study of Brentuximab Vedotin Combined With Nivolumab for Relapsed or Refractory Hodgkin Lymphoma,COMPLETED,2015-10-31,2021-10-21,Seagen Inc.,INDUSTRY,Hodgkin Lymphoma,PHASE1; PHASE2,93.0,brentuximab vedotin; nivolumab,1.8 mg/kg by intravenous (IV) infusion for up to 4 cycles | 3 mg/kg by intravenous (IV) infusion for up to 4 cycles,Unknown/Not Specified
NCT07218809,AZD5335 vs. Mirvetuximab Soravtansine in FRα-high and AZD5335 vs. Chemotherapy in FRα-low Platinum-resistant Ovarian Cancer,RECRUITING,2025-12-29,2030-05-27,AstraZeneca,INDUSTRY,Epithelial Ovarian Cancer,PHASE3,1100.0,AZD5335; Mirvetuximab Soravtansine (MIRV); Paclitaxel; Pegylated liposomal Doxorubicin (PLD); Topotecan,antibody drug conjugate | antibody drug conjugate | chemotherapy | chemotherapy | chemotherapy,Unknown/Not Specified
NCT07683507,Becotatug Vedotin Plus PD-1 Inhibitor for Head and Neck Squamous Cell Carcinoma,NOT_YET_RECRUITING,2026-07-01,2029-12-31,Feng Liu,OTHER,Head and Neck Squamous Cell Carcinoma,PHASE2,60.0,Becotatug Vedotin Combined with PD-1 Inhibitor,"Becotatug vedotin will be administered at 2.0 mg/kg by intravenous infusion once every 3 weeks in combination with an investigator-selected PD-1 inhibitor. Treatment will continue until disease progression, unacceptable toxicity, withdrawal of consent, death, or other protocol-defined reasons for discontinuation.",Unknown/Not Specified
NCT02744612,Ibrutinib and Brentuximab Vedotin in Treating Patients With Relapsed or Refractory Hodgkin Lymphoma,COMPLETED,2016-06-20,2024-07-30,City of Hope Medical Center,OTHER,Recurrent Hodgkin Lymphoma; Refractory Hodgkin Lymphoma,PHASE2,39.0,Brentuximab Vedotin; Ibrutinib,Given IV | Given PO,Unknown/Not Specified
NCT07102004,Study of MHB088C for Patients With Advanced Solid Malignant Tumors,RECRUITING,2023-06-20,2027-07,"Qilu Pharmaceutical Co., Ltd.",INDUSTRY,Advanced/Metastatic Solid Tumors,PHASE1; PHASE2,515.0,MHB088C for Injection,"MHB088C for Injection, an antibody drug-conjugated molecule (ADC) MHB088C will be administered intravenously at a frequency of once every 2 weeks (Q2W) or every 3 week (Q3W).",Unknown/Not Specified
NCT06769152,A Phase II Clinical Study to Evaluate the Efficacy and Safety of HLX43 (Anti-PD-L1 ADC) in Patients With Advanced Gynecological Malignant Tumors,RECRUITING,2025-02-20,2027-06-05,Shanghai Henlius Biotech,INDUSTRY,Cervical Cancer; Ovarian Cancer,PHASE2,190.0,HLX43,"HLX43 is an anti-PD-L1 monoclonal antibody conjugated with a novel high potency DNA topoisomerase I (topo I) inhibitor, with a drug-antibody-ratio (DAR) of 8.",Unknown/Not Specified
NCT05200364,"A Study of STRO-002, an Anti-Folate Receptor Alpha Antibody Drug Conjugate, in Combination With Bevacizumab in Epithelial Ovarian Cancer",TERMINATED,2022-03-22,2025-06-01,"Sutro Biopharma, Inc.",INDUSTRY,Ovarian Cancer; Ovarian Carcinoma; Ovary Cancer; Fallopian Tube Cancer; Primary Peritoneal Carcinoma,PHASE1,58.0,STRO-002; Bevacizumab,intravenous antibody drug conjugate | anti-VEGF agent,Folate Receptor
NCT06504719,Safety and Efficacy Real-world Data of Trastuzumab Deruxtecan and Sacituzumab Govitecan,COMPLETED,2023-01-01,2024-09-01,Hellenic Cooperative Oncology Group,OTHER,Breast Cancer; Metastatic Cancer,NOT_APPLICABLE,312.0,Antibody-Drug Conjugates,Patients with advanced breast cancer treated with ADCs,Unknown/Not Specified
NCT03672539,Liposome-encapsulated Daunorubicin-Cytarabine and Gemtuzumab Ozogamicin in Treating Patients With Relapsed or Refractory Acute Myeloid Leukemia (AML) or High Risk Myelodysplastic Syndrome,ACTIVE_NOT_RECRUITING,2018-11-07,2027-11-30,M.D. Anderson Cancer Center,OTHER,Acute Myeloid Leukemia Arising From Previous Myelodysplastic Syndrome; Chronic Myelomonocytic Leukemia; High Risk Myelodysplastic Syndrome; Myelodysplastic Syndrome; Recurrent Acute Myeloid Leukemia; Refractory Acute Myeloid Leukemia,PHASE2,50.0,Gemtuzumab Ozogamicin; Liposome-encapsulated Daunorubicin-Cytarabine; Quality-of-Life Assessment,Given IV | Given IV | Ancillary studies,Unknown/Not Specified
NCT07434609,"Evaluation of T320, an Anti-Tissue Factor Antibody-Drug Conjugate, in Patients With Advanced Solid Tumors",NOT_YET_RECRUITING,2027-12-01,2030-12-01,"Nanolattix Biotechnology Co., Ltd.",INDUSTRY,Advanced Solid Tumor (Phase 1),PHASE1,150.0,T320 for Injection,T320 for Injection,Tissue Factor
NCT03409432,Brentuximab Vedotin and Lenalidomide in Treating Patients With Stage IB-IVB Relapsed or Refractory T-Cell Lymphoma,COMPLETED,2018-03-16,2025-07-16,John Reneau,OTHER,Lymphomatoid Papulosis; Primary Cutaneous Anaplastic Large Cell Lymphoma; Recurrent Primary Cutaneous T-Cell Non-Hodgkin Lymphoma; Recurrent T-Cell Non-Hodgkin Lymphoma; Refractory Primary Cutaneous T-Cell Non-Hodgkin Lymphoma; Stage I Cutaneous T-Cell Non-Hodgkin Lymphoma; Stage II Cutaneous T-Cell Non-Hodgkin Lymphoma; Stage III Cutaneous T-Cell Non-Hodgkin Lymphoma; Stage IV Cutaneous T-Cell Non-Hodgkin Lymphoma,PHASE2,26.0,Brentuximab Vedotin; Laboratory Biomarker Analysis; Lenalidomide,Given IV | Correlative studies | Given PO,Unknown/Not Specified
NCT07406789,"Phase II, Prospective, Randomized, Proof-of-concept Study to Evaluate the Effects of a Personalized Dietary Intervention in Women With Advanced Gynecologic or Breast Tumors Treated With Antibody-Drug Conjugates (ADCs).",NOT_YET_RECRUITING,2026-02-11,2028-02-11,TNC Nutrición Terapéutica S.L.,OTHER,Gynecologic Cancers; Advanced Breast Cancer,PHASE2,100.0,Personalised dietary intervention.; General recommendations,"Personalised dietary intervention, tailored to clinical and metabolic parameters and individual preferences. | General recommendations on the Mediterranean diet, without active dietary intervention.",Unknown/Not Specified
NCT05675410,"A Study to Compare Standard Therapy to Treat Hodgkin Lymphoma to the Use of Two Drugs, Brentuximab Vedotin and Nivolumab",RECRUITING,2023-05-11,2031-04-28,National Cancer Institute (NCI),NIH,Lugano Classification Limited Stage Hodgkin Lymphoma AJCC v8,PHASE3,1875.0,Biospecimen Collection; Bleomycin Sulfate; Brentuximab Vedotin; Computed Tomography; Cyclophosphamide; Dacarbazine; Doxorubicin Hydrochloride; Etoposide; Etoposide Phosphate; Fludeoxyglucose F-18; Involved-site Radiation Therapy; Magnetic Resonance Imaging; Nivolumab; Positron Emission Tomography; Prednisolone; Prednisone; Procarbazine Hydrochloride; Questionnaire Administration; Vinblastine Sulfate; Vincristine Sulfate,"Undergo blood sample collection | Given IV | Given IV | Undergo CT and/or PET-CT | Given IV | Given IV | Given IV | Given IV | Given IV | Undergo FDG-PET | Undergo ISRT | Undergo MRI and/or PET-MRI | Given IV | Undergo FDG-PET, PET, PET-CT, and/or PET-MRI | Given PO | Given PO | Given PO | Ancillary studies | Given IV | Given IV",Unknown/Not Specified
NCT06015880,"Testing the Combination of Anti-cancer Drugs Mosunetuzumab, Polatuzumab Vedotin, and Lenalidomide for the Treatment of Relapsed/Refractory Diffuse Large B-Cell Lymphoma",RECRUITING,2024-05-20,2027-06-30,National Cancer Institute (NCI),NIH,"Diffuse Large B-Cell Lymphoma, Not Otherwise Specified; High Grade B-Cell Lymphoma; Transformed Indolent B-Cell Non-Hodgkin Lymphoma to Diffuse Large B-Cell Lymphoma",PHASE1,30.0,Biospecimen Collection; Computed Tomography; Lenalidomide; Mosunetuzumab; Polatuzumab Vedotin; Positron Emission Tomography,Undergo blood sample collection | Undergo PET/CT | Given PO | Given IV | Given IV | Undergo PET/CT,Unknown/Not Specified
NCT03425279,CAB-AXL-ADC Safety and Efficacy Study in Adult and Adolescent Patients With Sarcoma,COMPLETED,2018-02-15,2025-01-08,"BioAtla, Inc.",INDUSTRY,Undifferentiated Pleomorphic Sarcoma; Myxofibrosarcoma,PHASE1; PHASE2,245.0,CAB-AXL-ADC; PD-1 inhibitor,Conditionally active biologic anti-AXL antibody drug conjugate | PD-1 inhibitor,Unknown/Not Specified
NCT06014658,"Safety, PK, and Preliminary Efficacy of MBRC-101 in Advanced Refractory Solid Tumors",RECRUITING,2023-11-07,2026-11,MBrace Therapeutics,INDUSTRY,Cancer,PHASE1; PHASE2,130.0,Antibody-Drug Conjugate,MBRC-101: AN ANTI-EPHA5 MONOMETHYL AURISTATIN E (MMAE) ANTIBODY DRUG CONJUGATE,Unknown/Not Specified
NCT02073916,T-DM1 With Abraxane and Lapatinib for Metastatic HER2 Positive Breast Cancer,COMPLETED,2013-10,2018-12,"Jenny C. Chang, MD",OTHER,Metastatic Breast Cancer,PHASE1,24.0,T-DM1; Lapatinib; Abraxane,antibody-drug conjugate of trastuzumab and emtansine | Dual tyrosine kinase inhibitor (HER2 and EGFR) | albumin-bound paclitaxel. Chemotherapy - microtubule inhibitor,EGFR; HER2
NCT07127874,A Study of PHN-012 in Patients With Advanced Solid Tumors,RECRUITING,2025-09-23,2028-05,Pheon Therapeutics,INDUSTRY,Colon Cancer; Pancreatic Cancer; Lung Cancer (NSCLC); Advanced Cancer; Advanced Solid Tumors,PHASE1,165.0,PHN-012,PHN-012 is an ADC,Unknown/Not Specified
NCT07539285,A Study of HDM2024 in Participants With Advanced Solid Tumors,RECRUITING,2026-04-10,2028-12-28,"Hangzhou Zhongmei Huadong Pharmaceutical Co., Ltd.",INDUSTRY,Advanced Solid Tumors,PHASE1,63.0,HDM2024,ADC drug targeting EGFR and HER3,EGFR
NCT05464030,Anti-CEACAM5 ADC M9140 in Advanced Solid Tumors (PROCEADE-CRC-01),RECRUITING,2022-08-04,2026-10-23,"EMD Serono Research & Development Institute, Inc.",INDUSTRY,Colorectal Cancer,PHASE1,200.0,M9140; M9140; Bevacizumab; Capecitabine; 5-fluorouracil (5-FU); Folinic acid,"M9140 will be administered at an escalated dose until Maximum tolerated dose (MTD) and/or a safe recommended Dose for Expansion (RDE) is determined in Part 1 of the study. | M9140 will be further investigated in part 2 of the study and includes dose optimization, an alternative administration regimen and combination regimen. | Bevacizumab will be administered intravenously as per standard of care. | Capecitabine will be administered orally as per standard of care. | 5-FU will be administered intravenously as per standard of care. | Folinic acid will be administered intravenously as per standard of care.",CEACAM5
NCT06154343,A Study of GQ1005 in Subjects With HER2-Expressing Advanced Solid Tumors,UNKNOWN,2022-11-23,2025-07-30,"GeneQuantum Healthcare (Suzhou) Co., Ltd.",INDUSTRY,HER2 Expressing or Mutated Advanced Malignant Solid Tumors,PHASE1,150.0,GQ1005,an antibody drug conjugate,HER2
NCT04579224,Comparing the New Anti-cancer Drug Eribulin With Chemotherapy Against the Usual Chemotherapy Alone in Metastatic Urothelial Cancer,ACTIVE_NOT_RECRUITING,2021-06-28,2030-08-15,National Cancer Institute (NCI),NIH,Metastatic Bladder Urothelial Carcinoma; Metastatic Urothelial Carcinoma; Refractory Bladder Urothelial Carcinoma; Refractory Urothelial Carcinoma; Stage IV Bladder Cancer AJCC v8,PHASE3,184.0,Biospecimen Collection; Bone Scan; Computed Tomography; Docetaxel; Eribulin Mesylate; Gemcitabine Hydrochloride; Magnetic Resonance Imaging; Paclitaxel; Sacituzumab Govitecan,Undergo blood and urine sample collection | Undergo bone scan | Undergo CT | Given IV | Given IV | Given IV | Undergo MRI | Given IV | Receive IV,Unknown/Not Specified
NCT03729596,MGC018 With or Without MGA012 in Advanced Solid Tumors,TERMINATED,2018-11-21,2023-03-18,MacroGenics,INDUSTRY,"Squamous Cell Carcinoma of Head and Neck; Triple Negative Breast Cancer; Melanoma; Advanced Solid Tumor, Adult; Metastatic Castrate Resistant Prostate Cancer; Non Small Cell Lung Cancer",PHASE1; PHASE2,143.0,vobramitamab duocarmazine,Anti-B7H3 antibody drug conjugate,B7-H3
NCT06932094,Phase 1 Clinical Study of QLS5132 Monotherapy in Advanced Solid Tumors,NOT_YET_RECRUITING,2025-05,2028-02,"Qilu Pharmaceutical Co., Ltd.",INDUSTRY,Advanced Solid Tumors,PHASE1,256.0,QLS5132,antibody drug conjugate (ADC).,Unknown/Not Specified
NCT06702566,The Effect of Serum Ferritin in irAE,RECRUITING,2024-07-04,2027-07-01,Tianjin Medical University Cancer Institute and Hospital,OTHER,Immune-related Adverse Event; Malignant Solid Tumors; Acute Leukemia; Serum Ferritin,NOT_APPLICABLE,1500.0,PD-1 and PD-L1 inhibitor; Targeted drugs; chemotherapy drugs,"PD-1 inhibitor includes pembrolizumab，Nivolumab，Sintilimab，tislelizumab，Triplimab，Camrelizumab, Serplulimab.

PD-L1 inhibitor includes durvalumab,Atezolizumab,Adebrelimab,Envafolimab. | Targeted drugs includes EGFR-TKIs,ALK-TKIs,Multitargeted Tyrosine Kinase Inhibitors, VEGF antibody, EGFR antibody, antibody-drug conjugates drugs | Chemotherapy drugs are determined based on the investigator's decision.",EGFR
NCT02226276,Copper Cu 64-DOTA-Trastuzumab PET in Predicting Response to Treatment With Ado-Trastuzumab Emtansine in Patients With Metastatic HER2 Positive Breast Cancer,ACTIVE_NOT_RECRUITING,2015-01-07,2026-09-29,City of Hope Medical Center,OTHER,Bone Metastases; HER2-positive Breast Cancer; Liver Metastases; Lung Metastases; Recurrent Breast Cancer; Soft Tissue Metastases; Stage IV Breast Cancer,NOT_APPLICABLE,10.0,fludeoxyglucose F 18; positron emission tomography; computed tomography; trastuzumab; copper Cu 64-DOTA-trastuzumab; positron emission tomography; ado-trastuzumab emtansine; laboratory biomarker analysis,Undergo fludeoxyglucose F 18 PET/CT | Undergo fludeoxyglucose F 18 PET/CT | Undergo fludeoxyglucose F 18 PET/CT | Given IV | Given IV | Undergo copper Cu-DOTA-trastuzumab PET | Given IV | Correlative studies,HER2
NCT05652855,Study of MHB088C in Participants With Advanced or Metastatic Solid Tumors,NOT_YET_RECRUITING,2023-01-23,2026-07-31,Minghui Pharmaceutical Pty Ltd,INDUSTRY,Advanced or Metastatic Solid Tumors,PHASE1; PHASE2,48.0,MHB088C for Injection,"MHB088C for Injection, an antibody drug-conjugated molecule (ADC)",Unknown/Not Specified
NCT02729961,Ceritinib With Brentuximab Vedotin in Treating Patients With ALK-Positive Anaplastic Large Cell Lymphoma,WITHDRAWN,2018-01-03,2023-07-01,University of Washington,OTHER,"Anaplastic Large Cell Lymphoma, ALK-Positive; CD30-Positive Neoplastic Cells Present; Systemic Anaplastic Large Cell Lymphoma",PHASE1; PHASE2,0.0,Brentuximab Vedotin; Ceritinib; Laboratory Biomarker Analysis; Pharmacological Study,Given IV | Given PO | Correlative studies | Correlative studies,CD30
NCT03734029,Trastuzumab Deruxtecan (DS-8201a) Versus Investigator's Choice for HER2-low Breast Cancer That Has Spread or Cannot be Surgically Removed [DESTINY-Breast04],ACTIVE_NOT_RECRUITING,2018-12-27,2026-08-01,Daiichi Sankyo,INDUSTRY,Breast Cancer,PHASE3,557.0,Trastuzumab deruxtecan (DS-8201a); Capecitabine; Eribulin; Gemcitabine; Paclitaxel; Nab-paclitaxel,"DS-8201a is a lyophilized powder reconstituted into a sterile aqueous solution (100 mg/5 mL) to be administered intravenously | Administered according to label, as one option for Physician's Choice (determined before randomization) | Administered according to label, as one option for Physician's Choice (determined before randomization) | Administered according to label, as one option for Physician's Choice (determined before randomization) | Administered according to label, as one option for Physician's Choice (determined before randomization) | Administered according to label, as one option for Physician's Choice (determined before randomization)",HER2
NCT05011188,FOR46 in Combination With Enzalutamide in Patients With Metastatic Castration Resistant Prostate Cancer,ACTIVE_NOT_RECRUITING,2022-01-19,2027-07-31,Rahul Aggarwal,OTHER,Metastatic Castration-resistant Prostate Cancer; Prostate Cancer,PHASE1; PHASE2,44.0,FOR46; Enzalutamide; Pegfilgrastim; Blood Samples,Given intravenously (IV) | Given orally (PO) | Given subcutaneously (subQ) | Blood samples will be taken for correlative studies,Unknown/Not Specified
NCT04915612,"Liposomal Cytarabine, Daunorubicin, and Gemtuzumab Ozogamicin for the Treatment of Relapsed Refractory Pediatric Patients With Acute Myeloid Leukemia",COMPLETED,2021-05-21,2025-01-30,M.D. Anderson Cancer Center,OTHER,Acute Myeloid Leukemia Arising From Previous Myelodysplastic Syndrome; Recurrent Acute Myeloid Leukemia; Refractory Acute Myeloid Leukemia; Secondary Acute Myeloid Leukemia,PHASE1,1.0,Gemtuzumab Ozogamicin; Liposome-encapsulated Daunorubicin-Cytarabine,Given IV | Given IV,Unknown/Not Specified
NCT05041257,"Mirvetuximab Soravtansine Monotherapy in Platinum-Sensitive Epithelial, Peritoneal, and Fallopian Tube Cancers",COMPLETED,2021-10-19,2024-12-12,AbbVie,INDUSTRY,Ovarian Cancer; Peritoneal Cancer; Fallopian Tube Cancer,PHASE2,79.0,Mirvetuximab soravtansine,Administered by intravenous (IV) infusion on Day 1 of every 3-week cycle,Unknown/Not Specified
NCT04143711,Study of DF1001 in Patients With Advanced Solid Tumors,COMPLETED,2019-11-11,2025-12-05,Dragonfly Therapeutics,INDUSTRY,"Solid Tumor, Adult",PHASE1; PHASE2,270.0,DF1001; Nivolumab; Nab paclitaxel; Sacituzumab Govitecan-hziy,Immunotherapy agent targeting NK cells. | Anti-PD-1 immunotherapy agent | A chemotherapy treatment combining paclitaxel with albumin | A Trop-2 (Tumor-associated calcium signal transducer 2) directed antibody and topoisomerase inhibitor drug conjugate,TROP2
NCT02874664,A Study of Rovalpituzumab Tesirine to Study Cardiac Ventricular Repolarization in Subjects With Small Cell Lung Cancer,COMPLETED,2016-09,2018-09-12,Stemcentrx,INDUSTRY,Small Cell Lung Carcinoma,PHASE1,46.0,Rovalpituzumab Tesirine,Rovalpituzumab tesirine is a DLL3 targeted antibody drug conjugate (ADC),DLL3
NCT05652868,Clinical Study of Antibody-Drug Conjugate MYTX-011 in Subjects With Non-Small Cell Lung Cancer,TERMINATED,2023-03-23,2025-11-07,Mythic Therapeutics,INDUSTRY,NSCLC; NSCLC Stage IV; NSCLC Stage IIIB; Non-Small Cell Lung Cancer; Advanced Non-Small Cell Squamous Lung Cancer; Advanced Non-Small Cell Lung Cancer; Advanced Non-Small Cell Non-Squamous Lung Cancer,PHASE1,227.0,MYTX-011,MYTX-011 will be administered as an intravenous infusion every 21 days.,Unknown/Not Specified
NCT06519370,"FDA018-ADC vs Investigator's Choice Chemotherapy to Treat Locally Advanced, Recurrent or Metastatic Triple-negative Breast Cancer",ACTIVE_NOT_RECRUITING,2024-08-09,2027-06-20,"Shanghai Fudan-Zhangjiang Bio-Pharmaceutical Co., Ltd.",INDUSTRY,Triple Negative Breast Cancer,PHASE3,350.0,FDA018-ADC; Eribulin; Capecitabine; Gemcitabine; Vinorelbine,"Subjects will receive FDA018-ADC 10 mg/kg of body weight via intravenous(IV) infusion on Day1 and 8 of a 21-day cycle in follow-up period until disease progression, unacceptable toxicity or death. | 1.4mg/m\^2, IV (in the vein) on day 1 and Day 8 of each 21 day cycle | 1000 to 1250 mg/m\^2 will be administered in a 21-day cycle, with capecitabine administered orally twice daily for 2 weeks followed by 1-week rest | 800 to 1200 mg/m\^2 will be administered IV on day 1 and Day 8 of each 21 day cycle | 25 mg/m\^2, IV (in the vein) on day 1 and Day 8 of each 21 day cycle",Unknown/Not Specified
NCT05756569,Enfortumab Vedotin Plus Pembrolizumab for the Treatment of Locally Advanced or Metastatic Bladder Cancer of Variant Histology,RECRUITING,2023-09-26,2027-12-16,Emory University,OTHER,Bladder Squamous Cell Carcinoma; Locally Advanced Bladder Carcinoma; Malignant Renal Pelvis Neoplasm; Malignant Ureter Neoplasm; Malignant Urethral Neoplasm; Metastatic Bladder Carcinoma; Stage III Bladder Cancer AJCC v8; Stage IV Bladder Cancer AJCC v8; Unresectable Bladder Carcinoma; Urachal Adenocarcinoma; Bladder Adenocarcinoma,PHASE2,25.0,Biospecimen Collection; Computed Tomography; Enfortumab Vedotin; Magnetic Resonance Imaging; Pembrolizumab; Questionnaire Administration,Undergo collection of blood | Undergo CT | Given IV | Undergo MRI | Given IV | Ancillary studies,Unknown/Not Specified
NCT07636772,A Phase II Study of AK146D1 Mono or Combined With AK112 in Advanced Urothelial Carcinoma,NOT_YET_RECRUITING,2026-06-22,2028-08-24,Akeso,INDUSTRY,Urothelial Carcinoma (UC),PHASE2,132.0,AK146D1 for injection; AK112 Injection,AK146D1 for injection is an antiTrop2/Nectin4 bispecific antibody-drug conjugate | AK112 Injection is a PD-1/VEGF bispecific antibody,Nectin-4; TROP2
NCT05564858,A Study of FDA022-BB05 in Subjects With Advanced Solid Malignant Tumors,UNKNOWN,2023-01-16,2025-11,"Shanghai Fudan-Zhangjiang Bio-Pharmaceutical Co., Ltd.",INDUSTRY,Advanced Solid Tumors,PHASE1,107.0,FDA022 Monoclonal antibody-drug conjugate for injection Phase Ia; FDA022 Monoclonal antibody-drug conjugate for injection Phase Ib,"FDA022-BB05, intravenously infusion, q3w | FDA022-BB05, intravenously infusion, q3w",Unknown/Not Specified
NCT06782334,AMT-116 in Patients with Solid Tumors,RECRUITING,2024-05-07,2026-12-30,Multitude Therapeutics Inc.,INDUSTRY,Advanced Solid Tumors,PHASE1; PHASE2,144.0,AMT-116,AMT-116 is an antibody Drug Conjugate (ADC),Unknown/Not Specified
NCT06452706,The Clinical Trial of TQB2102 for Injection Against Human Epidermal Growth Factor Receptor 2 Negative Breast Cancer,RECRUITING,2024-11-14,2028-06,"Chia Tai Tianqing Pharmaceutical Group Nanjing Shunxin Pharmaceutical Co., Ltd.",INDUSTRY,Breast Cancer,PHASE2,42.0,TQB2102 for injection,TQB2102 for injection is a HER2 dual-antibody-drug conjugate (ADC).,HER2
NCT04278144,A First-in-human Study Using BDC-1001 as a Single Agent and in Combination With Nivolumab in Advanced HER2-Expressing Solid Tumors,TERMINATED,2020-02-24,2025-02-14,"Bolt Biotherapeutics, Inc.",INDUSTRY,HER2-positive Solid Tumors; HER2-positive Breast Cancer; HER2-positive Colorectal Cancer; HER2-positive Gastroesophageal Cancer; HER2-positive Endometrial Cancer,PHASE1; PHASE2,175.0,BDC-1001; Nivolumab,"Immune stimulating antibody conjugate (ISAC), consisting of an anti-HER2 monoclonal antibody conjugated to a TLR 7/8 dual agonist | Programmed death receptor-1 (PD 1)-blocking antibody",HER2
NCT02073487,Neoadjuvant TDM1 With Lapatinib and Abraxane Compared With Trastuzumab Plus Pertuzumab With Paclitaxel,COMPLETED,2014-02,2019-01,The Methodist Hospital Research Institute,OTHER,Breast Cancer,PHASE2,32.0,T-DM1; Trastuzumab; Lapatinib; Abraxane; Paclitaxel; Pertuzumab,antibody-drug conjugate of trastuzumab and emtansine | anti-Her2 monoclonal antibody | Dual tyrosine kinase inhibitor (HER2 and EGFR) | albumin-bound paclitaxel. chemotherapy - microtubule inhibitor. | chemotherapy - microtubule inhibitor | anti-HER2 monoclonal antibody,EGFR; HER2
NCT05948826,First in Human Study of TORL-3-600 in Participants With Advanced Cancer,ACTIVE_NOT_RECRUITING,2023-09-29,2026-09-15,"TORL Biotherapeutics, LLC",INDUSTRY,Advanced Solid Tumor; Colorectal Cancer,PHASE1,70.0,TORL-3-600,antibody drug conjugate,Unknown/Not Specified
NCT04378647,BREntuximab Vedotin in SEcond LIne Therapy BEfore Transplant,RECRUITING,2020-06-01,2026-08-30,Grupo Español de Linfomas y Transplante Autólogo de Médula Ósea,OTHER,"Hodgkin Lymphoma, Adult",PHASE2,150.0,Induction with Brentuximab vedotin (BV); Induction without Brentuximab Vedotin; Consolidation with Brentuximab Vedotin,3 cycles ESHAP plus antibody-drug conjugate brentuximab vedotin (BV) at a dose of 1.8 mg/kg IV | 3 cycles of ESHAP as a standard of care therapy for those patients with primary refractory cHL and those patients relapsing after first-line therapy | Up to 13 or 16 cycles of antibody-drug conjugate brentuximab vedotin (BV) at doses of 1.8 mg/kg iv every 21 days),Unknown/Not Specified
NCT04146610,Study of DP303c Administered Intravenously to Subjects With HER2-Positive in Advanced Solid Tumors,UNKNOWN,2019-11,2021-06,"CSPC ZhongQi Pharmaceutical Technology Co., Ltd.",INDUSTRY,Neoplasms,PHASE1,30.0,an antibody drug conjugate,Multiple dose grouping,HER2
NCT07476729,International Study for Treatment of Childhood Relapsed Precursor B-Cell ALL 2020 (IntReALL BCP 2020),NOT_YET_RECRUITING,2026-04-01,2033-03-31,"Charite University, Berlin, Germany",OTHER,B-Cell Acute Lymphoblastic Leukaemia,PHASE3,750.0,Inotuzumab ozogamicin (INO); Blinatumomab,Antibody Drug Conjugate (Inotuzumab) | Bispecific t-cell enganger BiTE,Unknown/Not Specified
NCT06990503,SHR - A1811 Versus Chemotherapy for Platinum-resistant Recurrent Epithelial Ovarian Cancer,NOT_YET_RECRUITING,2025-06-01,2035-06-01,Tongji Hospital,OTHER,Ovarian Cancer,PHASE3,300.0,SHR-A1811; Chemotherapy,"Injection SHR - A1811 (hereinafter referred to as SHR - A1811) is an antibody - drug conjugate (ADC) targeting the HER2 protein, independently developed by Suzhou Shengdeya Biopharmaceutical Co., Ltd. (hereinafter referred to as the ""sponsor""). It is composed of a recombinant humanized anti - HER2 IgG1 monoclonal antibody (SHR - 1805) conjugated with a small molecule component, SHR169106. | The treatment regimens for the control group are as follows:

Liposomal doxorubicin: Administered intravenously on Day 1 of each 4 - week treatment cycle at a dose of 40 mg/m².

Paclitaxel: Given intravenously on Days 1, 8, 15, and 22 of each 4 - week treatment cycle at a dose of 80 mg/m² per administration.

Topotecan: Intravenously infused on Days 1, 8, and 15 of each 4 - week treatment cycle at a daily dose of 4 mg/m².

Gemcitabine: Infused intravenously on Days 1 and 8 of each 3 - week treatment cycle at a daily dose of 1000 mg/m².",HER2
NCT06365853,A Study of Ocular Toxicity Evaluation and Mitigation During Treatment With Mirvetuximab Soravtansine in Participants With Recurrent Ovarian Cancer With High Folate Receptor-Alpha Expression,RECRUITING,2024-07-29,2027-06,AbbVie,INDUSTRY,Recurrent Ovarian Cancer; Folate Receptor-Alpha Positive,PHASE2,100.0,Mirvetuximab Soravtansine; Lubricating Eye Drops; Prednisolone acetate ophthalmic suspension 1% eye drops; Brimonidine tartrate ophthalmic solution eye drops,"Mirvetuximab soravtansine is an antibody drug conjugate designed to target folate receptor α (FRα). It consists of the humanized anti-FRα monoclonal antibody (mAb) M9346A attached via a cleavable disulfide linker to the cytotoxic maytansinoid, DM4. | Lubricating artificial tears should be administered at least 15 minutes after corticosteroid or brimonidine eye drop administration. | Self-administration of prednisolone acetate ophthalmic suspension 1% eye drops as prescribed by the treating physician. | Self-administration of brimonidine tartrate ophthalmic solution eye drops as prescribed by the treating physician.",Folate Receptor
NCT05565807,Safety and Efficacy Study of An Anti-CD38 Antibody Drug Conjugate in Relapsed or Refractory Multiple Myeloma,RECRUITING,2023-02-09,2028-02-19,Zhejiang ACEA Pharmaceutical Co. Ltd.,INDUSTRY,Relapsed or Refractory Multiple Myeloma,PHASE1; PHASE2,84.0,STI-6129,Anti-CD38 A2 human antibody drug conjugate (ADC) containing an antibody covalently bound to a duostatin tubulin inhibitor.,Unknown/Not Specified
NCT01475006,AMG 595 First-in-Human in Recurrent Gliomas,COMPLETED,2012-02,2016-04,Amgen,INDUSTRY,Advanced Malignant Glioma; Anaplastic Astrocytomas; Glioblastoma Multiforme,PHASE1,32.0,AMG 595,AMG 595 is an antibody drug conjugate that binds to EGFRvIII.,EGFR
NCT07474558,SCALp Cooling for pReventing aLopecia With nEw anTibody-drug Conjugates,NOT_YET_RECRUITING,2026-09,2031-09,Jules Bordet Institute,OTHER,Advanced or Metastatic Solid Tumour; Antibody-Drug Conjugate; Alopecia,PHASE2,102.0,scalp cooling; photographs via the Belle.AI app; Antibody-Drug Conjugates,"scalp cooling at -10°C for each cycle of ADC, subjects will ubdergo scalp cooling : 30 minutes prior ADC treatment, during ADC treatment and 90 minutes following ADC treatment | artificial intelligence-based software tool designed for standardised photographic documentation and automated assessment of alopecia severity using the Severity of Alopecia Tool (SALT) scale generated AI Score will be blinded for investigator and patient outcome does not impact treatment of the subject | study will randomize female participants receiving one of the following ADCs as part of their standard-of-care treatment: sacituzumab-govitecan, trastuzumab-deruxtecan, or datopotamab-deruxtecan.",Unknown/Not Specified
NCT01026233,Cardiac Safety Study of Brentuximab Vedotin (SGN-35),COMPLETED,2010-01,2011-08,Seagen Inc.,INDUSTRY,"Disease, Hodgkin; Lymphoma, Large-Cell, Anaplastic; Lymphoma, Non-Hodgkin",PHASE1,52.0,brentuximab vedotin,1.8 mg/kg IV every 21 days,Unknown/Not Specified
NCT02038010,BYL719 + T-DM1 in HER2(+) Metastatic Breast Cancer Pts Who Progress on Prior Trastuzumab & Taxane Tx,COMPLETED,2014-05-21,2017-05-20,Northwestern University,OTHER,HER2-positive Breast Cancer; Recurrent Breast Cancer; Stage IIIA Breast Cancer; Stage IIIB Breast Cancer; Stage IIIC Breast Cancer; Stage IV Breast Cancer,PHASE1,17.0,PI3K inhibitor BYL719; ado-trastuzumab emtansine; pharmacological study; laboratory biomarker analysis,Given PO | Given IV | Correlative studies | Optional correlative studies,HER2
NCT06265727,A Phase 1/2 Study to Investigate CRB-701 in Solid Tumors,RECRUITING,2024-04-01,2027-01-27,Corbus Pharmaceuticals Inc.,INDUSTRY,"Solid Tumor, Adult",PHASE1; PHASE2,348.0,CRB-701; Anti-PD-1,Nectin-4 targeted Antibody Drug Conjugate (ADC) | checkpoint inhibitor,Nectin-4
NCT04556773,A Phase 1b Study of T-DXd Combinations in HER2-low Advanced or Metastatic Breast Cancer,ACTIVE_NOT_RECRUITING,2020-12-17,2026-06-16,AstraZeneca,INDUSTRY,Metastatic Breast Cancer,PHASE1,138.0,Trastuzumab deruxtecan; Durvalumab; Paclitaxel; Capivasertib; Anastrozole; Fulvestrant; Capecitabine,T-DXd: administered as an IV infusion | Durvalumab: administered as an IV infusion | Paclitaxel: administered as an IV infusion | Capivasertib: administered orally | Anastrozole: administered orally | Fulvestrant: administered as an IM injection | Capecitabine: administered orally,HER2
NCT07309770,Trastuzumab Rezetecan in Advanced Solid Tumors Refractory to Standard Therapies,RECRUITING,2025-12-18,2028-03-11,Sheng Zhang,OTHER,Urachal Cancer; Advanced Solid Tumor Cancer; Antibody-drug Conjugates,PHASE2,90.0,SHR-A1811; Trastuzumab Rezetecan,"Trastuzumab Rezetecan (SHR-A1811) is administered at a dose of 4.8 mg/kg every 21 days (q3w), constituting one treatment cycle. | Patients who have failed standard therapy are treated with Trastuzumab Rezetecan",Unknown/Not Specified
NCT06028932,A Study of Sacituzumab Govitecan (IMMU-132) in Platinum-resistant Ovarian Cancer Patients,ACTIVE_NOT_RECRUITING,2024-01-08,2027-11-01,Yale University,OTHER,Ovarian Carcinoma,PHASE2,20.0,Sacituzumab govitecan,Sacituzumab govitecan will be administered at 10 mg/kg weekly as an infusion for 2 consecutive weeks (2 weekly doses plus 1 week without treatment represents a single 3 week cycle). Treatment can be continued without a rest period in the absence of progression of disease or unacceptable toxicity.,Unknown/Not Specified
NCT05103683,First in Human Study of TORL-1-23 in Participants With Advanced Cancer,RECRUITING,2021-11-17,2026-11-15,"TORL Biotherapeutics, LLC",INDUSTRY,Advanced Solid Tumor; Ovarian Cancer; Endometrial Cancer; NSCLC,PHASE1,90.0,TORL-1-23,antibody drug conjugate (ADC),Unknown/Not Specified
NCT02855359,Denintuzumab Mafodotin (SGN-CD19A) Combined With RCHOP or RCHP Versus RCHOP Alone in Diffuse Large B-Cell Lymphoma or Follicular Lymphoma,TERMINATED,2016-08,2018-05-15,Seagen Inc.,INDUSTRY,"Diffuse, Large B-Cell, Lymphoma; Follicular Lymphoma, Grade 3b; Transformed Lymphoma / DLBCL",PHASE2,24.0,denintuzumab mafodotin; rituximab; cyclophosphamide; doxorubicin; vincristine; prednisone,"SGN-CD19A at 3 mg/kg will be administered every 6 weeks via intravenous (IV) infusion, up to a maximum of three (3) doses, on Day 1 of Cycles 1, 3, and 5 of 21-day cycles | 375 mg/m2 every 3 weeks by IV infusion for up to 6 cycles | 750 mg/m2 every 3 weeks by IV infusion for up to 6 cycles | 50 mg/m2 every 3 weeks by IV infusion for up to 6 cycles | 1.4 mg/m2 every 3 weeks by IV infusion for up to 6 cycles (dose capped at 2 mg total) | 100 mg on Days 1 to 5 of each 3-week cycle, orally for up to 6 cycles",CD19
NCT06649331,Platform Study of ADC Rechallenge in ADC-treated Metastatic Breast Cancer,RECRUITING,2024-10-21,2027-09,Fudan University,OTHER,Advanced Breast Cancer; Metastatic Breast Cancer; Triple Negative Breast Cancer (TNBC); HER2-negative Breast Cancer; Breast Cancer,PHASE2,160.0,SHR-A1811; SHR-A1921; SHR-A2009; SHR-A2102; Famitinib; Fat Module Formula for Special Medical Purposes; Trastuzumab (or biosimilar); 9MW2821,"A HER2-directed ADC, via intravenous (into the vein) infusion per protocol. | A TROP2-directed ADC, via intravenous (into the vein) infusion per protocol. | A HER3-directed ADC, via intravenous (into the vein) infusion per protocol. | A Nectin4-directed ADC, via intravenous (into the vein) infusion per protocol. | A VEGFR inhibitor administered orally per the protocol. | This nutritional formulation is composed primarily of medium-chain triglycerides (MCT), which are metabolized by the liver to induce nutritional ketosis, thereby significantly elevating circulating levels of beta-hydroxybutyrate (BHB). | An anti-HER2 antibody, via intravenous (into the vein) infusion or subcutaneous per protocol. | A Nectin4-directed ADC, via intravenous (into the vein) infusion per protocol.",EGFR; HER2; Nectin-4; TROP2
NCT06036121,A Study of ADRX-0706 in Select Advanced Solid Tumors,ACTIVE_NOT_RECRUITING,2023-09-26,2026-12,Adcentrx Therapeutics,INDUSTRY,Solid Tumors; Triple Negative Breast Cancer (TNBC); Urothelial Cancer; Cervical Cancer,PHASE1,144.0,ADRX-0706,Antibody drug conjugate targeting Nectin-4,Nectin-4
NCT05941507,A Study to Evaluate TROP2 ADC LCB84 Single Agent and in Combination With an Anti-PD-1 Ab in Advanced Solid Tumors,RECRUITING,2023-10-05,2027-05,"LigaChem Biosciences, Inc.",INDUSTRY,Advanced Solid Tumors,PHASE1; PHASE2,300.0,LCB84; Anti-PD-1 monoclonal antibody,TROP2-directed human monoclonal antibody (Ab) linked to a monomethyl auristatin E (MMAE) prodrug | anti-PD-1 Ab,TROP2
NCT07657130,Optimal Application Timing of ADC Drugs for Advanced Breast Cancer,RECRUITING,2025-07-01,2026-12-30,Liaoning Cancer Hospital & Institute,OTHER,Breast Cancer Females,PHASE2,120.0,Antibody drug conjugate; Chemotherapy,"The selection of ADC agents will be based on the patient's molecular subtype. For Hormone receptor (HR)+/HER2-low patients, anti-HER2 ADCs such as trastuzumab deruxtecan may be used. For HR+/HER2-zero patients, TROP-2-targeted ADCs such as sacituzumab govitecan are preferred. For HR-/HER2-low patients, either anti-HER2 ADCs or Trophoblast cell surface antigen 2 (TROP-2) ADCs may be considered. For HR-/HER2-zero patients, TROP-2 ADCs will be used. The specific ADC regimen will be determined at the discretion of the investigators. | The chemotherapy regimen will consist of standard second-line agents such as capecitabine, eribulin, vinorelbine, or gemcitabine. The specific chemotherapy regimen will be determined at the discretion of the investigators.",HER2; TROP2
NCT02227199,"Brentuximab Vedotin, Ifosfamide, Carboplatin, and Etoposide in Treating Patients With Relapsed or Refractory Hodgkin Lymphoma",COMPLETED,2014-10-10,2025-07-28,University of Washington,OTHER,Recurrent Hodgkin Lymphoma; Refractory Hodgkin Lymphoma,PHASE1; PHASE2,45.0,Brentuximab Vedotin; Carboplatin; Etoposide; Ifosfamide; Laboratory Biomarker Analysis,Given IV | Given IV | Given IV | Given IV | Correlative studies,Unknown/Not Specified
NCT06989112,"DESTINY-Endometrial01: A Phase III Study of Trastuzumab Deruxtecan Plus Rilvegostomig or Pembrolizumab as First-Line Treatment of HER2-Expressing (IHC 3+/2+), Mismatch Repair Proficient (pMMR) Endometrial Cancer",RECRUITING,2025-03-27,2031-02-19,AstraZeneca,INDUSTRY,Endometrial Cancer,PHASE3,600.0,Trastuzumab deruxtecan; Rilvegostomig; Pembrolizumab; Carboplatin; Paclitaxel; Docetaxel,Experimental therapy by intravenous infusion | Experimental therapy by intravenous infusion | Immunotherapy by intravenous infusion | Standard of Care (SoC) chemotherapy by intravenous infusion | Standard of Care (SoC) chemotherapy by intravenous infusion | Standard of Care (SoC) chemotherapy by intravenous infusion,HER2
NCT03007030,Brentuximab Vedotin in Treating Patients With CD30+ Malignant Mesothelioma That Cannot Be Removed by Surgery,RECRUITING,2017-04-05,2027-05-01,M.D. Anderson Cancer Center,OTHER,CD30-Positive Neoplastic Cells Present; Malignant Mesothelioma,PHASE2,55.0,Brentuximab Vedotin; Laboratory Biomarker Analysis,Given IV | Correlative studies,CD30
NCT05867563,Clinical Trial Evaluating the Safety of the TQB2103 for Injection,UNKNOWN,2023-07-04,2025-05,"Chia Tai Tianqing Pharmaceutical Group Nanjing Shunxin Pharmaceutical Co., Ltd.",INDUSTRY,Advanced Malignant Neoplasm,PHASE1,71.0,TQB2103 for injection,"TQB2103 for injection is an antibody-drug conjugate targeting CLDN18.2. The drug structure mainly includes anti-humanized CLDN 18.2 antibody, linker and cytotoxic DDDXD, with Drug antibody Ratio (DAR) of 8.",Unknown/Not Specified
NCT06554626,Blinatumomab Plus Venetoclax Sequenced With Inotuzumab Ozogamicin in Treating B-ALL,RECRUITING,2024-08-15,2027-08-01,First Affiliated Hospital of Zhejiang University,OTHER,Precursor B-Cell Lymphoblastic Leukemia,PHASE2,20.0,Dexamethasone; Blinatumomab; Venetoclax; Inotuzumab ozogamicin; Methotrexate; Pegaspargase; Cytarabine,"Glucocorticoids | Bi-specific anti CD19/CD3 antibody | BCL-2 inhibotor | a humanized monoclonal antibody-drug conjugate targeting CD22 | antifolate antineoplastic drug | antitumor drug | Pyrimidine, antimetabolites",CD19; CD22
NCT02947152,"HKT288 in Solid Tumors, Including Epithelial Ovarian Cancer and Renal Cell Carcinoma",TERMINATED,2016-12-01,2017-09-14,Novartis Pharmaceuticals,INDUSTRY,Epithelial Ovarian Cancer; Renal Cell Carcinoma,PHASE1,9.0,HKT288,Cadherin-6-targeting antibody-drug conjugate for intravenous administration,Unknown/Not Specified
NCT04266249,CompassHER2-pCR: Decreasing Chemotherapy for Breast Cancer Patients After Pre-surgery Chemo and Targeted Therapy,ACTIVE_NOT_RECRUITING,2020-03-13,2038-12-31,ECOG-ACRIN Cancer Research Group,NETWORK,Anatomic Stage II Breast Cancer AJCC v8; Anatomic Stage IIA Breast Cancer AJCC v8; Anatomic Stage IIB Breast Cancer AJCC v8; Anatomic Stage IIIA Breast Cancer AJCC v8; Invasive Breast Carcinoma; Prognostic Stage II Breast Cancer AJCC v8; Prognostic Stage IIA Breast Cancer AJCC v8; Prognostic Stage IIB Breast Cancer AJCC v8; Prognostic Stage IIIA Breast Cancer AJCC v8,PHASE2,2175.0,Docetaxel; Lumpectomy; Mastectomy; Nab-paclitaxel; Paclitaxel; Pertuzumab; Radiation Therapy; Trastuzumab; Trastuzumab Emtansine,Given IV | Undergo lumpectomy | Undergo mastectomy | Given IV | Given IV | Given IV | Undergo radiation therapy | Given IV | Given IV,HER2
NCT01969643,A Safety Study of SGN-LIV1A in Breast Cancer Patients,COMPLETED,2013-10-22,2023-02-04,Seagen Inc.,INDUSTRY,HER2 Positive Breast Neoplasms; Hormone Receptor Positive Breast Neoplasms; Triple Negative Breast Neoplasms; HER2 Mutations Breast Neoplasms,PHASE1,290.0,ladiratuzumab vedotin; Trastuzumab,LV will be given into the vein (IV; intravenously) | Trastuzumab will be given by IV every 3 weeks at a dose of 6 mg/kg (the first dose will be 8 mg/kg),HER2
NCT06597721,"ADCE-T02, a Tissue Factor Targeted Antibody-Drug Conjugate, in Patients With Selected Advanced Solid Tumours",RECRUITING,2024-11-25,2026-12-31,Adcendo ApS,INDUSTRY,Advanced Solid Tumor,PHASE1,210.0,ADCE-T02,Administered intravenously,Tissue Factor
NCT06823167,A Phase 1 Study of IM-1021 in Participants With Advanced Cancer,RECRUITING,2025-02-26,2029-02,"Immunome, Inc.",INDUSTRY,Solid Malignancies; Hematologic Malignancies,PHASE1,117.0,IM-1021,IM-1021 is an antibody-drug conjugate,Unknown/Not Specified
NCT03113500,Brentuximab Vedotin and Combination Chemotherapy in Treating Patients With CD30-Positive Peripheral T-cell Lymphoma,ACTIVE_NOT_RECRUITING,2017-05-25,2026-07-07,City of Hope Medical Center,OTHER,"Adult T-Cell Leukemia/Lymphoma; Anaplastic Large Cell Lymphoma, ALK-Negative; Anaplastic Large Cell Lymphoma, ALK-Positive; Angioimmunoblastic T-Cell Lymphoma; Ann Arbor Stage II Noncutaneous Anaplastic Large Cell Lymphoma; Ann Arbor Stage III Noncutaneous Anaplastic Large Cell Lymphoma; Ann Arbor Stage IV Noncutaneous Anaplastic Large Cell Lymphoma; Enteropathy-Associated T-Cell Lymphoma; Hepatosplenic T-Cell Lymphoma; Mature T-Cell and NK-Cell Non-Hodgkin Lymphoma; Peripheral T-Cell Lymphoma, Not Otherwise Specified",PHASE2,48.0,Brentuximab Vedotin; Cyclophosphamide; Doxorubicin; Doxorubicin Hydrochloride; Etoposide; Etoposide Phosphate; Laboratory Biomarker Analysis; Prednisone,Given IV | Given IV | Given IV | Given IV | Given IV | Given IV | Correlative studies | Given PO,CD30
NCT05141747,A Study of MRG002 in the Treatment of HER2-positive/HER2-low Locally Advanced or Metastatic Gastric/Gastroesophageal Junction Cancer.,UNKNOWN,2022-01-19,2023-12,Shanghai Miracogen Inc.,INDUSTRY,Locally Advanced Gastric Cancer; Metastatic HER2 Positive Gastroesophageal Junction Cancer,PHASE2,60.0,MRG002,Administrated intravenously,HER2
NCT05597085,A Study of Patients Who Received Inotuzumab Ozogamicin for B-cell ALL (Acute Lymphoblastic Leukemia) That Occurred Again After the Last Treatment,COMPLETED,2023-03-08,2023-07-10,Pfizer,INDUSTRY,Adult Relapsed/Refractory B Cell Acute Lymphoblastic Leukemia,NOT_APPLICABLE,32.0,Inotuzumab Ozogamicin,Inotuzumab Ozogamicin is an Antibody drug conjugate directed against CD 22 positive B Cell ALL,Unknown/Not Specified
NCT02343406,Adult Study: ABT-414 Alone or ABT-414 Plus Temozolomide vs. Lomustine or Temozolomide for Recurrent Glioblastoma Pediatric Study: Evaluation of ABT-414 in Children With High Grade Gliomas,COMPLETED,2015-02-17,2019-06-24,AbbVie,INDUSTRY,Glioblastoma,PHASE2,266.0,Depatuxizumab mafodotin; Temozolomide; Lomustine,"Adults: intravenous administration (1.25 mg/kg or 1.0 mg/kg body weight) over 30 to 40 minutes once every 2 weeks until one of the treatment withdrawal criteria was met. The dose was 1.25 mg/kg in the original protocol (Version 1) and Version 2, Amendment 1, and was lowered to 1.0 mg/kg in protocol Version 3, Amendment 2. Pediatric participants: Intravenous administration (1.0 mg/kg body weight for those who were 6 to 17 years old at the date of first dose, or 1.3 mg/kg for those who were 0 to 5 years old) over 30 to 40 minutes or as directed by the guidelines once every 2 weeks until one of the treatment withdrawal criteria was met, for a maximum of one year. If used in combination with temozolomide, depatuxizumab mafodotin was dosed on Day 1 and Day 15 of the TMZ cycle (assuming a standard regimen of 200 mg/m\^2/day for 5 days of each 28-day cycle; for other TMZ schedules, timing of the depatuxizumab mafodotin dosing schedule were to be discussed with the medical monitor). | Capsules administered orally, 150 mg/m\^2 on Days 1-5 for the first 28-day cycle, with dose escalation to 200 mg/m\^2 in subsequent cycles in case of adequate tolerance until one of the treatment withdrawal criteria was met. | Capsules administered orally, 110 mg/m\^2 on Day 1 of every 42-day treatment period. Treatment continued until one of the treatment withdrawal criteria was met, for a maximum of one year.",Unknown/Not Specified
NCT01309789,A Phase 1 Study of Brentuximab Vedotin Given Sequentially and Combined With Multi-Agent Chemotherapy for CD30-Positive Mature T-Cell and NK-Cell Neoplasms,COMPLETED,2011-02,2017-02-28,Seagen Inc.,INDUSTRY,"Lymphoma, Large-Cell, Anaplastic; Lymphoma, NK-cell; Lymphoma, T-cell",PHASE1,39.0,brentuximab vedotin; cyclophosphamide; brentuximab vedotin; prednisone; cyclophosphamide; doxorubicin; doxorubicin; prednisone; vincristine,"1.2-1.8 mg/kg IV every 3 weeks (Cycles 1-2 and if response, Cycles 9-16) | 750 mg/m2 IV every 3 weeks (Cycles 3-8) | 1.2-1.8 mg/kg IV every 3 weeks (Cycles 1-6 and if response, Cycles 7-16) | 100 mg daily PO on Days 1-5 every 3 weeks (Cycles 3-8) | 750 mg/m2 IV every 3 weeks (Cycles 1-6) | 50 mg/m2 IV every 3 weeks (Cycles 3-8) | 50 mg/m2 IV every 3 weeks (Cycles 1-6) | 100 mg daily PO on Days 1-5 every 3 weeks (Cycles 1-6) | 1.4 mg/m2 IV every 3 weeks (Cycles 3-8)",CD30
NCT06796517,Immunotherapy in Lymphoma,RECRUITING,2024-06-26,2025-12-31,Sung-Soo Park,OTHER,Relapsed/refractory High Grade B Cell Lymphoma; High Grade B-cell Lymphoma; Diffuse Large B Cell Lymphoma Relapsed; Primary Mediastinal Large B-Cell Lymphoma; Burkitt Lymphoma,NOT_APPLICABLE,72.0,CAR-T Therapy; Bispecific antibody; Antibody-Drug Conjugate; Monoclonal antibody; Proteasome Inhibitor; IMiD treatment,"It uses the patient's own T cells, and requires a manufacturing process to modify and expand T cells before infusion. It directly targets B cell specific antigens, such as CD19 or CD20. | It uses a dual targeting mechanism to enhance specificity and immune activation. It is an off-the-shelf treatment, and doesn't require a manufacturing process of patient cells. | It is a targeted therapy consisting of a monoclonal antibody linked to a cytotoxic drug. The antibody binds to a specific antigen on cancer cells, delivering the cytotoxic agent directly to the tumor, minimizing systemic toxicity. | Monoclonal antibodies are lab-engineered antibodies that target specific antigens expressed on cancer cells. These commonly target CD20 (rituximab or obinutuzumab) to mediate immune destruction. | It blocks the activity of proteasomes, which role is degrading damaged proteins. This disruption induces apoptosis in cancer cells. Common agents include bortezomib and carfilzomib. | Immune modulatory drugs modulate the immune response by enhancing T-cell and NK cell activty to disrupt tumor progression. Common drugs include lenalidomide and thalidomide.",CD19; CD20
NCT02099058,"A Study Evaluating the Safety, Pharmacokinetics (PK), and Preliminary Efficacy of ABBV-399 in Participants With Advanced Solid Tumors",ACTIVE_NOT_RECRUITING,2014-01-15,2026-08,AbbVie,INDUSTRY,Advanced Solid Tumors Cancer,PHASE1,237.0,Osimertinib; Nivolumab; Telisotuzumab vedotin; Telisotuzumab vedotin; Erlotinib,It is administered orally everyday. | It is an intravenous infusion administered every 14 days. | It is administered by infusion in 21-day dosing cycles. | It is administered by infusion in 28-day dosing cycles. | It is administered orally everyday.,Unknown/Not Specified
NCT00848926,A Pivotal Open-Label Trial of Brentuximab Vedotin for Hodgkin Lymphoma,COMPLETED,2009-02,2015-05,Seagen Inc.,INDUSTRY,"Disease, Hodgkin",PHASE2,102.0,brentuximab vedotin,1.8 mg/kg every 3 weeks by intravenous infusion,Unknown/Not Specified
NCT04644068,Study of AZD5305 as Monotherapy and in Combination With Anti-cancer Agents in Patients With Advanced Solid Malignancies,ACTIVE_NOT_RECRUITING,2020-11-12,2027-05-28,AstraZeneca,INDUSTRY,Ovarian Cancer; Breast Cancer; Pancreatic Cancer; Prostate Cancer; Additional Indications Below for Module 4 and 5; Non-small Cell Lung Cancer; Colorectal Cancer; Bladder Cancer; Gastric Cancer; Biliary Cancer; Cervical Cancer; Endometrial Cancer; Small Cell Lung Cancer Only in Module 5,PHASE1; PHASE2,702.0,AZD5305; Paclitaxel; Carboplatin; T- Dxd; Dato-DXd; Camizestrant,Oral PARP inhibitor | IV Anti-microtubule agent | IV Platinum chemotherapeutic | IV Antibody-drug conjugate | IV Antibody-drug conjugate | Oral SERD Molecule,Unknown/Not Specified
NCT05367635,A Study of SKB315 in Patients With Advanced Solid Tumors,RECRUITING,2022-03-16,2028-06-30,"Sichuan Kelun-Biotech Biopharmaceutical Co., Ltd.",INDUSTRY,Advanced Solid Tumors,PHASE1,246.0,SKB315 for injection; Drug: Tagitanlimab Drug: Capecitabine,SKB315 for injection is an Antibody Drug Conjugates (ADC) drug targeting Claudin18.2. The strength of SKB315 is 200 mg/vial. | ,Claudin18.2
NCT06641908,Anti-GD2 ADC M3554 in Advanced Solid Tumors,RECRUITING,2024-11-08,2027-04-16,"EMD Serono Research & Development Institute, Inc.",INDUSTRY,Advanced Solid Tumor,PHASE1,52.0,M3554,M3554 will be administered at an escalated dose until Maximum tolerated dose (MTD) and/or a safe recommended Dose is determined in participants with STS (dose escalation A) and glioblastoma and IDH wildtype (dose escalation B).,Unknown/Not Specified
NCT07043751,A Clinical Trial Evaluating Injection of TQB6411 in Subjects With Advanced Malignant Tumors,RECRUITING,2025-07-15,2028-06,"Chia Tai Tianqing Pharmaceutical Group Nanjing Shunxin Pharmaceutical Co., Ltd.",INDUSTRY,Advanced Malignant Tumors,PHASE1,216.0,TQB6411 injection,"TQB6411 for injection is an antibody-conjugated drug (ADC) targeting EGFR/c-Met. After injecting intravenously, the antibody part of this product binds to the EGFR and c-Met on the surface of tumor cells to block the activation of EGFR and c-Met signaling pathways. The ADC is enrolled and transported to the lysosome through cells. The linker releases toxins after enzyme cleavage, resulting in DNA damage and cell death.",EGFR; c-Met
NCT04202705,A First-in-human Dose-escalation and Expansion Study With the Antibody-drug Conjugate SYD1875,COMPLETED,2020-02-28,2023-01-26,Byondis B.V.,INDUSTRY,Solid Tumor,PHASE1,31.0,SYD1875,SYD1875 IV (in the vein) infusion every three weeks. Number of cycles: until cancer progression or unacceptable toxicity develops. Different doses.,Unknown/Not Specified
NCT02448420,Study of Palbociclib and Trastuzumab With Endocrine Therapy in HER2-positive Metastatic Breast Cancer,COMPLETED,2015-07,2023-11-30,SOLTI Breast Cancer Research Group,OTHER,Metastatic Breast Cancer,PHASE2,73.0,Palbociclib; Trastuzumab; Endocrine therapy; Chemotherapy; Antibody-Drug Conjugates,"Cohort A, B1 y B2: Palbociclib oral dose of 200 mg/day for 2 weeks, followed by 1 week off.

Cohort C1: Palbociclib oral dose 125 mg/d for 3 weeks, followed by one week off, in 4-week cycles. | Loading dose of 8mg/kg intravenous (iv) followed by 6 mg/kg once every 3 weeks; or subcutaneous trastuzumab 600mg every 3 weeks. | Non-steroidal AIs (anastrozole, letrozole); steroidal AI (exemestane); Fulvestrant or Tamoxifen | Gemcitabine, vinorelbine, capecitabine, eribulin or a taxane | 3.6 mg/kg iv every 3 weeks",HER2
NCT07388875,Sacituzumab Tirumotecan Plus Anlotinib in Previously Treated ES-SCLC,NOT_YET_RECRUITING,2026-02-24,2027-08-01,"China Medical University, China",OTHER,Extensive-Stage Small Cell Lung Cancer,PHASE2,30.0,Sacituzumab Tirumotecan; Anlotinib,"Sacituzumab tirumotecan is an antibody-drug conjugate targeting Trop-2. It will be administered intravenously according to the dosing schedule specified in the study protocol. Treatment will continue until disease progression, unacceptable toxicity, withdrawal of consent, or other protocol-defined discontinuation criteria are met. | Anlotinib is an oral small-molecule multi-target tyrosine kinase inhibitor. It will be administered orally according to the dosing regimen specified in the study protocol. Treatment will continue until disease progression, unacceptable toxicity, withdrawal of consent, or other protocol-defined discontinuation criteria are met.",TROP2
NCT07492914,Neoadjuvant Sacituzumab Govitecan Plus Tagitanlimab for Resectable Head and Neck Squamous Cell Carcinoma,RECRUITING,2026-05-11,2031-03-31,West China Hospital,OTHER,Resectable Head and Neck Squamous Cell Carcinoma,PHASE2,30.0,Sacituzumab Govitecan; Tagitanlimab,"Humanized anti-TROP2 antibody-drug conjugate (ADC) linked to a topoisomerase I inhibitor via a stable linker, featuring high tumor targeting and efficient cytotoxic drug release. Administered intravenously at 5mg/kg every 2 weeks for 2 cycles (90±15 minutes infusion per dose) as neoadjuvant therapy for resectable head and neck squamous cell carcinoma (HNSCC), delivering targeted cytotoxic effects to TROP2-overexpressing tumor cells to inhibit tumor growth. | Humanized IgG1κ anti-PD-L1 monoclonal antibody that blocks the PD-1/PD-L1 signaling pathway to restore T cell-mediated anti-tumor immunity and reverse tumor immune escape. Administered intravenously at a fixed 900mg dose every 2 weeks for 2 cycles (120 minutes infusion per dose) as neoadjuvant therapy for resectable head and neck squamous cell carcinoma (HNSCC), used in combination with Sacituzumab Govitecan to achieve synergistic anti-tumor activity.",TROP2
NCT07150208,T-DXd With or Without Bevacizumab for HER2-low Breast Cancer With Brain Metastasis,NOT_YET_RECRUITING,2025-09,2028-09,Fudan University,OTHER,Breast Cancer With Brain Metastasis; HER2-low Expressing Breast Cancer,PHASE2,140.0,Bevacizumab (Bev); Trastuzumab Deruxtecan (T-DXd),"Bevacizumab is a drug that targets vascular endothelial growth factor (VEGF) and inhibits tumor angiogenesis, thereby inhibiting tumor growth and spread. In the treatment of breast cancer, Bevacizumab can be used in combination with chemotherapy to improve treatment outcomes and extend patients' progression-free survival and overall survival. | Trastuzumab deruxtecan (T-DXd) is an antibody-drug conjugate (ADC) composed of an anti-HER2 monoclonal antibody (trastuzumab), a cleavable linker, and a topoisomerase I inhibitor (an exatecan derivative). It targets and binds to HER2-positive tumor cells, internalizes, and releases cytotoxic drugs to induce DNA damage and apoptosis. It also has a ""bystander effect"" that can kill neighboring tumor cells with low HER2 expression, enhancing anti-tumor activity. T-DXd has shown significant efficacy in HER2-positive advanced breast cancer, with key clinical trials (such as DESTINY-Breast03) confirming that its progression-free survival (PFS) and overall survival (OS) are superior to traditional second-line treatments, with a median PFS reaching 28.8 months. Additionally, for HER2-low-expressing (IHC 1+ or 2+/ISH-) metastatic breast cancer (in the DESTINY-Breast04 study), T-DXd can extend PFS and OS, becoming the first targeted therapy to alter the survival outcomes of such patients.",HER2
NCT04152499,"Phase I-II, FIH, TROP2 ADC, Advanced Unresectable/Metastatic Solid Tumors, Refractory to Standard Therapies (KL264-01)",ACTIVE_NOT_RECRUITING,2020-02-28,2026-12-31,Klus Pharma Inc.,INDUSTRY,Epithelial Ovarian Cancer; Gastric Adenocarcinoma; Gastroesophageal Junction Adenocarcinoma; Urothelial Carcinoma; Non-Small Cell Lung Cancer; Small-Cell Lung Cancer; Endometrial Carcinoma; Head and Neck Squamous Cell Carcinoma; Breast Cancer; Cervical Cancer,PHASE1; PHASE2,1410.0,SKB264,SKB264 is an Antibody Drug Conjugate (ADC) targeting TROP2 expressing cancer cells.,TROP2
NCT01703949,Brentuximab Vedotin With or Without Nivolumab in Treating Patients With Relapsed or Refractory CD30+ Lymphoma,ACTIVE_NOT_RECRUITING,2013-03-20,2030-06-03,University of Washington,OTHER,Recurrent Hodgkin Lymphoma; Recurrent Non-Hodgkin Lymphoma; Refractory Hodgkin Lymphoma; Refractory Non-Hodgkin Lymphoma,PHASE2,28.0,Brentuximab Vedotin; Laboratory Biomarker Analysis; Nivolumab,Given IV | Correlative studies | Given IV,CD30
NCT07470853,A Study of MUC16-Directed Antibody Drug Conjugate HWK-016 in Participants With Advanced Solid Tumors.,RECRUITING,2026-03-15,2028-02,"Whitehawk Therapeutics, Inc.",INDUSTRY,PROC; Platinum Resistant Ovarian Cancer; Endometrial Cancer,PHASE1,265.0,"HWK-016, MUCIN-16-targeted ADC; Bevacizumab",HWK-016 is a MUCIN-16-targeted Antibody-Drug-Conjugate (ADC) being developed for the treatment of solid tumors. | Bevacizumab administered according to the USPI in 21-day cycles,Unknown/Not Specified
NCT03474107,A Study to Evaluate Enfortumab Vedotin Versus (vs) Chemotherapy in Subjects With Previously Treated Locally Advanced or Metastatic Urothelial Cancer (EV-301),COMPLETED,2018-06-27,2025-11-27,"Astellas Pharma Global Development, Inc.",INDUSTRY,Ureteral Cancer; Urothelial Cancer; Bladder Cancer,PHASE3,608.0,Enfortumab Vedotin; Docetaxel; Vinflunine; Paclitaxel,Intravenous infusion | Intravenous infusion | Intravenous infusion | Intravenous infusion,Unknown/Not Specified
NCT04246047,"Evaluation of Efficacy and Safety of Belantamab Mafodotin, Bortezomib and Dexamethasone Versus Daratumumab, Bortezomib and Dexamethasone in Participants With Relapsed/Refractory Multiple Myeloma",ACTIVE_NOT_RECRUITING,2020-05-07,2028-06-30,GlaxoSmithKline,INDUSTRY,Multiple Myeloma,PHASE3,494.0,Belantamab mafodotin; Daratumumab; Bortezomib; Dexamethasone,Humanized anti-B-cell maturation antigen (BCMA) antibody/drug conjugate | Anti-cluster of differentiation 38 \[CD-38\] monoclonal antibody | Proteasome Inhibitor | Synthetic glucocorticoid with anti-tumor activity,BCMA
NCT05980416,Study of EO-3021 in Adult Patients With Solid Tumors Likely to Express CLDN18.2,TERMINATED,2023-08-10,2025-06-02,Elevation Oncology,INDUSTRY,Stomach Neoplasm; Gastrointestinal Neoplasms; Digestive System Neoplasm; Neoplasms by Site; Neoplasms,PHASE1,88.0,EO-3021; Ramucirumab (CYRAMZA®); Dostarlimab,Anti-Claudin 18.2 antibody drug conjugate | VEGFR2 inhibitor | anti-PD-1 antibody,Claudin18.2; EGFR
NCT06198751,A Study of Neoadjuvant Treatment With TQB2102 for Injection for Human Epidermal Growth Factor Receptor 2 (HER2) Positive Breast Cancer,ACTIVE_NOT_RECRUITING,2024-02-05,2028-02,"Chia Tai Tianqing Pharmaceutical Group Co., Ltd.",INDUSTRY,Breast Cancer,PHASE2,104.0,6.0 mg/kg of TQB2102 for injection; 7.5 mg/kg of TQB2102 for injection,"TQB2102 for injection is a HER2 dual-antibody-drug Conjugate (ADC), 6.0 mg/kg. | TQB2102 for injection is a HER2 dual-antibody-drug Conjugate (ADC), 7.5 mg/kg.",HER2
NCT07067567,A Study of AK146D1 for Injection in Advanced Solid Tumors,RECRUITING,2025-08-07,2027-05-05,Akeso,INDUSTRY,Advanced Solid Tumors,PHASE1,200.0,AK146D1 for injection,AK146D1 for injection is an anti-Trop2/Nectin4 bispecific antibody-drug conjugate,Nectin-4; TROP2
NCT04039230,Study to Evaluate Sacituzumab Govitecan in Combination With Talazoparib in Patients With Metastatic Breast Cancer.,ACTIVE_NOT_RECRUITING,2019-10-09,2026-12,Massachusetts General Hospital,OTHER,Breast Cancer,PHASE1; PHASE2,75.0,Talazoparib; Sacituzumab Govitecan,Talazoparib belongs to a group of drugs called PARP inhibitors. PARP is a protein that is involved with repairing damaged DNA (the genetic material of cells). Talazoparib is believed to work by inhibiting (stopping) the PARP proteins from working in the cancer cells so that the cancer cannot fix its damaged DNA. | Sacituzumab govitecan is believed to work by binding the antibody portion of the drug to the tumor(s) while the anticancer drug portion works to prevent the cancer cells from growing/spreading.,Unknown/Not Specified
NCT01620229,Brentuximab Vedotin After Donor Stem Cell Transplant in Treating Patients With Hematologic Malignancies,WITHDRAWN,2013-06,,Fred Hutchinson Cancer Center,OTHER,Hematopoietic/Lymphoid Cancer,PHASE1; PHASE2,0.0,brentuximab vedotin; laboratory biomarker analysis; pharmacological study,Given IV | Correlative studies | Correlative studies,Unknown/Not Specified
NCT04492488,A Study of MRG002 in Patients with HER2-Positive Advanced Solid Tumors and Locally Advanced or Metastatic Gastric/Gastroesophageal Junction (GEJ) Cancer,ACTIVE_NOT_RECRUITING,2021-05-24,2024-12-31,Shanghai Miracogen Inc.,INDUSTRY,Advanced Solid Tumors; Advanced or Metastatic Gastric Cancer; Advanced or Metastatic Gastroesophageal Junction Cancer,PHASE1; PHASE2,129.0,MRG002,Administrated intravenously,HER2
NCT07371910,"Fluorizoparib Plus Apatinib Versus Chemotherapy in HRD-positive, HER2-negative Advanced Breast Cancer",ACTIVE_NOT_RECRUITING,2024-06-12,2031-03,Sun Yat-Sen Memorial Hospital of Sun Yat-Sen University,OTHER,Metastatic Breast Cancer; HRD-Positive/HER2-Negative Advanced Breast Cancer,PHASE3,200.0,Chemotherapy/ADC Regimen; Fluorizoparib; Apatinib; Physician's Choice Chemotherapy/ADC Regimen,"This is the initial induction phase of the experimental arm. Participants will receive 6 cycles of a standard intravenous or oral chemotherapy regimen or an Antibody-Drug Conjugate (ADC), selected by the investigator from protocol-specified options (e.g., eribulin, vinorelbine, gemcitabine, capecitabine, sacituzumab govitecan, or trastuzumab deruxtecan). Administration follows the standard schedule of the chosen agent. The purpose is to achieve disease control before switching to long-term maintenance therapy. | This oral PARP inhibitor is administered as part of the maintenance phase. Participants who complete the 6-cycle induction phase without disease progression switch to Fluorizoparib twice daily in continuous 21-day cycles, in combination with Apatinib, until disease progression or unacceptable toxicity. | This oral anti-angiogenic TKI is administered as part of the maintenance phase. Participants who complete the 6-cycle induction phase without disease progression switch to Apatinib once daily in continuous 21-day cycles, in combination with Fluorizoparib, until disease progression or unacceptable toxicity. | Participants receive continuous treatment with a standard chemotherapy regimen or an Antibody-Drug Conjugate (ADC) selected by the investigator from protocol-specified options (e.g., eribulin, vinorelbine, gemcitabine, capecitabine, sacituzumab govitecan, or trastuzumab deruxtecan). Treatment is administered intravenously or orally according to the standard schedule of the chosen agent and continues without a planned switch to the oral targeted combination therapy, until disease progression, unacceptable toxicity, withdrawal of consent, or death.",HER2
NCT06203210,A Study of Ifinatamab Deruxtecan Versus Treatment of Physician's Choice in Subjects With Relapsed Small Cell Lung Cancer,RECRUITING,2024-05-21,2029-02-22,Daiichi Sankyo,INDUSTRY,Small Cell Lung Cancer,PHASE3,540.0,Ifinatamab deruxtecan; Topotecan; Amrubicin; Lurbinectedin,12 mg/kg intravenous dose on Day 1 of each 21-day cycle | Topotecan will be administered per local SoC. | Amrubicin will be administered per local SoC. | Lurbinectedin will be administered per local SoC,Unknown/Not Specified
NCT06927180,SHR-A1811 Plus Pertuzumab in the Neoadjuvant Treatment of HER2 Positive BC,RECRUITING,2025-04-16,2030-12-01,Henan Cancer Hospital,OTHER_GOV,Breast Cancer Early Stage Breast Cancer (Stage 1-3),PHASE2,180.0,SHR-A1811; Pertuzumab; Albumin-Paclitaxel; Docetaxel; Carboplatin; Trastuzumab,an anti-HER2 antibody-drug conjugate (ADC) | Pertuzumab | Nab paclitaxel | Docetaxel | Carboplatin | Trastuzumab,HER2
NCT04784715,"Trastuzumab Deruxtecan (T-DXd) With or Without Pertuzumab Versus Taxane, Trastuzumab and Pertuzumab in HER2-positive Metastatic Breast Cancer (DESTINY-Breast09)",ACTIVE_NOT_RECRUITING,2021-04-26,2029-12-30,AstraZeneca,INDUSTRY,Breast Cancer; HER2-positive; Metastatic,PHASE3,1157.0,Trastuzumab deruxtecan; Placebo; Taxane; Pertuzumab; Trastuzumab,Administered by intravenous infusion | Administered by intravenous infusion | Investigator's choice of docetaxel or paclitaxel administered by intravenous infusion | Administered by intravenous infusion | Administered by intravenous infusion,HER2
NCT05455697,"Tafasitamab, Retifanlimab, and Rituximab in Combination With Standard Therapy for the Treatment of Diffuse Large B-cell Lymphoma",ACTIVE_NOT_RECRUITING,2023-01-26,2027-01-07,University of Washington,OTHER,Diffuse Large B-Cell Lymphoma; Grade 3b Follicular Lymphoma; High Grade B-Cell Lymphoma,PHASE1; PHASE2,33.0,Bone Marrow Biopsy; Cyclophosphamide; Doxorubicin; Prednisone; Retifanlimab; Rituximab and Hyaluronidase Human; Tafasitamab; Vincristine; Bone Marrow Aspiration; Multigated Acquisition Scan; Fludeoxyglucose F-18; Positron Emission Tomography; Computed Tomography; Biospecimen Collection; Polatuzumab Vedotin,Undergo bone marrow biopsy | Given IV | Given IV | Given PO | Given IV | Given SC | Given IV | Given vincristine | Undergo bone marrow aspiration | Undergo MUGA | Undergo FDG-PET/CT | Undergo FDG-PET | Undergo FDG-CT | Undergo collection of blood samples | Given IV,Unknown/Not Specified
NCT03606967,Testing the Addition of an Individualized Vaccine to Durvalumab and Tremelimumab and Chemotherapy in Patients With Metastatic Triple Negative Breast Cancer,RECRUITING,2021-04-13,2026-12-30,National Cancer Institute (NCI),NIH,Anatomic Stage IV Breast Cancer AJCC v8; Invasive Breast Carcinoma; Metastatic Triple-Negative Breast Carcinoma,PHASE2,70.0,Biopsy Procedure; Biospecimen Collection; Carboplatin; Computed Tomography; Durvalumab; Gemcitabine Hydrochloride; Magnetic Resonance Imaging; Nab-paclitaxel; Personalized Synthetic Long Peptide Vaccine; Poly ICLC; Sacituzumab Govitecan; Tremelimumab,Undergo tumor biopsy | Undergo blood and urine sample collection | Given IV | Undergo CT scan | Given IV | Given IV | Undergo MRI | Given IV | Given SC | Given SC | Given IV | Given IV,Unknown/Not Specified
NCT07241793,Phase II Study of Trastuzumab Rezetecan or in Combination With Adebrelimab in HER2-Expressing Locally Advanced or Metastatic Urothelial Carcinoma (la/mUC),RECRUITING,2025-11-20,2031-07-01,Sun Yat-sen University,OTHER,Urothelial Carcinoma; Advanced Urothelial Carcinoma; Urothelial Carcinoma Recurrent,PHASE2,96.0,Adebrelimab; Trastuzumab Rezetecan,Adebrelimab (1200 mg) every 3 weeks (Q3W). | Trastuzumab Rezetecan (4.8 mg/kg) every 3 weeks (Q3W).,HER2
NCT05824325,Different Targeted Antibody-drug Conjugates For HER2 Ultra-low or No Expression Advanced Breast Cancer（GALAXY）,ACTIVE_NOT_RECRUITING,2023-03-14,2026-10-10,Fudan University,OTHER,Breast Cancer,PHASE1; PHASE2,56.0,SHR-A1811; TROP2 ADC,HER2 ADC | TROP2 ADC,HER2; TROP2
NCT06959706,"Study Evaluating the Safety, Tolerability, Pharmacokinetics, and Preliminary Efficacy of TGW101 in Participants With Advanced Solid Tumors",RECRUITING,2025-05-07,2027-09,Tagworks Pharmaceuticals BV,INDUSTRY,Advanced Solid Tumors,PHASE1,50.0,TGW101,TGW101 is a combination product comprising a chemically cleavable diabody drug conjugate (TGW101-ADC) and a corresponding small molecule chemical trigger (TRG001) administered separately.,Unknown/Not Specified
NCT06553885,Ph II Study of Enfortumab Vedotin in Patients With Advanced or Metastatic CRC or HCC,RECRUITING,2025-04-01,2029-09,H. Lee Moffitt Cancer Center and Research Institute,OTHER,Metastatic Colorectal Cancer; Hepatocellular Carcinoma,PHASE2,40.0,Enfortumab Vedotin,Enfortumab vedotin is a type of prescription medicine known as an antibody-drug conjugate.,Unknown/Not Specified
NCT03523585,DS-8201a in Pre-treated HER2 Breast Cancer That Cannot be Surgically Removed or Has Spread [DESTINY-Breast02],COMPLETED,2018-08-01,2025-12-23,Daiichi Sankyo,INDUSTRY,Breast Cancer,PHASE3,608.0,Trastuzumab deruxtecan; Capecitabine; Lapatinib; Trastuzumab,DS-8201a is sterile lyophilized powder reconstituted into a sterile aqueous solution (100 mg/5 mL) to be administered as intravenous (IV) dose | Investigator's choice Standard of Care when combined with trastuzumab or lapatinib | Investigator's choice Standard of Care when combined with capecitabine | Investigator's choice Standard of Care when combined with capecitabine,HER2
NCT06533826,TReatment of ADC-Refractory Breast CancEr With Dato-DXd or T-DXd: TRADE DXd,RECRUITING,2024-10-29,2038-08-01,"Ana C Garrido-Castro, MD",OTHER,Breast Cancer; HER2-low Breast Cancer; Metastatic Breast Cancer; HER2-negative Breast Cancer,PHASE2,357.0,Trastuzumab Deruxtecan; Datopotamab Deruxtecan,"A HER2-directed ADC, 100mg/vial, via intravenous (into the vein) infusion per protocol. | A TROP2-directed antibody drug conjugate, 100mg/vial, via intravenous (into the vein) infusion per protocol.",HER2; TROP2
NCT05445778,"Mirvetuximab Soravtansine With Bevacizumab Versus Bevacizumab as Maintenance in Platinum-sensitive Epithelial Ovarian, Fallopian Tube, or Peritoneal Cancer",ACTIVE_NOT_RECRUITING,2023-03-15,2032-05,AbbVie,INDUSTRY,Ovarian Cancer; Peritoneal Cancer; Fallopian Tube Cancer,PHASE3,520.0,Mirvetuximab soravtansine plus Bevacizumab; Bevacizumab,Participants will receive MIRV 6.0 mg/kg adjusted ideal body weight (AIBW) plus Bevacizumab 15mg/kg every 3 weeks | Participants will receive Bevacizumab 15mg/kg every 3 weeks,Unknown/Not Specified
NCT07145255,"Phase 1/2 Dose Finding, Safety and PK Study in Advanced Refractory Solid Tumors",RECRUITING,2025-09-03,2029-12-30,MBrace Therapeutics,INDUSTRY,"Prostate Cancer Castration-resistant Prostate Cancer; Breast Cancer; Colo-rectal Cancer; Lung Cancer (Non-Small Cell); Pancreas Cancer, Duct Cell Adenocarcinoma",PHASE1; PHASE2,150.0,ADC,MBRC-201 ADC,Unknown/Not Specified
NCT02487979,Glembatumumab Vedotin in Treating Patients With Recurrent or Refractory Osteosarcoma,COMPLETED,2016-02-16,2021-12-31,National Cancer Institute (NCI),NIH,Recurrent Osteosarcoma,PHASE2,22.0,Glembatumumab Vedotin; Laboratory Biomarker Analysis; Pharmacological Study,Given IV | Correlative studies | Correlative studies,Unknown/Not Specified
NCT04456959,InO - A Retrospective Study of UK Patients With Leukaemia,COMPLETED,2020-01-06,2021-01-27,Pfizer,INDUSTRY,Precursor Cell Lymphoblastic Leukemia-Lymphoma,NOT_APPLICABLE,28.0,Inotuzumab Ozogamicin,Inotuzumab ozogamicin is an antibody-drug conjugate (ADC) composed of a recombinant humanised IgG4 kappa CD22-directed monoclonal antibody (produced in Chinese hamster ovary cells by recombinant DNA technology) that is covalently linked to N-acetyl-gamma-calicheamicin dimethylhydrazide.,CD22
NCT07063212,A Study of Sacituzumab Govitecan in Combination With Cetuximab in People With Head and Neck Squamous Cell Cancer (HNSCC),RECRUITING,2025-07-02,2028-01-02,Memorial Sloan Kettering Cancer Center,OTHER,Squamous Cell Carcinoma of Head and Neck; Sinus Cancer; Nasal Cavity Cancer; Oral Cavity Cancer; Oropharynx Cancer; Hypopharynx Cancer; Larynx Cancer; Oral Squamous Cell Carcinoma; Oropharynx Squamous Cell Carcinoma; Hypopharynx Squamous Cell Carcinoma; Larynx Squamous Cell Carcinoma; HPV Positive Oropharyngeal Squamous Cell Carcinoma,PHASE2,40.0,Sacituzumab Govitecan; Cetuximab,Sacituzumab govitecan (SG; Trodelvy®) is a trophoblast cell-surface antigen 2 (Trop-2)- directed antibody-drug conjugate | Cetuximab (also known as ERBITUX®) is an epidermal growth factor receptor (EGFR) antagonist,EGFR; TROP2
NCT06413615,A Study of FDA022-BB05 in Advanced/Metastatic Solid Tumors,UNKNOWN,2024-05-13,2026-06-30,"Shanghai Fudan-Zhangjiang Bio-Pharmaceutical Co., Ltd.",INDUSTRY,Advanced Solid Tumor,PHASE2,150.0,FDA022-BB05,Monoclonal antibody-drug conjugate for injection,Unknown/Not Specified
NCT07524413,Becotatug Vedotin (MRG003) With PD-1 Blockade and Chemoradiotherapy in High-Risk Locoregionally Advanced Nasopharyngeal Carcinoma,NOT_YET_RECRUITING,2026-04,2032-04,Sun Yat-sen University,OTHER,Nasopharyngeal Cancinoma (NPC); Nasopharyngeal Cancer,PHASE3,514.0,Becotatug Vedotin; Pucotenlimab; Gemcitabine + cisplatin (GP); intensity-modulated radiotherapy; Cisplatin,"Induction Therapy: Becotatug Vedotin (MRG003) 2.0 mg/kg, intravenous infusion, Day 1 (3 cycles, Q3W) | Induction Therapy: Pucotenlimab 200 mg, intravenous infusion, Day 1 (3 cycles, Q3W);

Adjuvant Therapy: Pucotenlimab 200 mg, intravenous infusion, Day 1 (6 cycles, Q3W) | Induction Therapy (3 cycles, Q3W):

Gemcitabine 1000 mg/m², intravenous infusion, Days 1 and 8 Cisplatin 80 mg/m², intravenous infusion, Day 1 | 70 Gy in 33 fractions, once daily, 5 days per week | Concurrent Cisplatin: 100 mg/m², intravenous infusion, Day 1 (2 cycles, Q3W) during radiation",Unknown/Not Specified
NCT07542717,ASCERV Study: MRG003 Combined With QL1706 in Recurrent or Metastatic Cervical Cancer,NOT_YET_RECRUITING,2026-04-10,2030-03-31,"Second Affiliated Hospital, School of Medicine, Zhejiang University",OTHER,Recurrent or Metastatic Cervical Cancer,PHASE1; PHASE2,41.0,Treatment,"MRG003 \[Becotatug vedotin, an epidermal growth factor receptor (EGFR)-targeted antibody-drug conjugate (ADC)\]: 2.0 mg/kg IV infusion, Day 1, every 3 weeks QL1706 \[Iparomlimab and tuvonralimab, a bifunctional anti-programmed death-1/cytotoxic T-lymphocyte antigen-4 antibody\]: 5 mg/kg IV infusion, Day 1, every 3 weeks Each treatment cycle is 21 days. Treatment will continue until disease progression, unacceptable toxicity, withdrawal of consent, initiation of new anti-tumor therapy, or death.",EGFR
NCT04494425,"Study of Trastuzumab Deruxtecan (T-DXd) vs Investigator's Choice Chemotherapy in HER2-low, Hormone Receptor Positive, Metastatic Breast Cancer",ACTIVE_NOT_RECRUITING,2020-07-24,2026-06-19,AstraZeneca,INDUSTRY,Advanced or Metastatic Breast Cancer,PHASE3,866.0,Trastuzumab deruxtecan; Capecitabine; Paclitaxel; Nab-Paclitaxel,Trastuzumab deruxtecan by intravenous infusion | Investigator's choice standard of care single agent chemotherapy; capecitabine tablets will be given orally. | Investigator's choice standard of care single agent chemotherapy; paclitaxel by intravenous infusion. | Investigator's choice standard of care single agent chemotherapy; nab-paclitaxel by intravenous infusion,HER2
NCT03368196,DS-8201a in Patients With Cancer That Tests Positive for Human Epidermal Growth Factor Receptor 2 (HER2) Protein,COMPLETED,2018-04-02,2022-09-28,"Daiichi Sankyo Taiwan Ltd., a Daiichi Sankyo Company",INDUSTRY,"Adenocarcinoma, Gastric; Neoplasm, Breast",PHASE1,12.0,DS-8201a,An antibody drug conjugate,HER2
NCT07520760,"A Multicenter, Single-Arm, Phase II Exploratory Study of Eribulin in Combination With Anlotinib for HER2-Negative Recurrent/Metastatic Breast Cancer Previously Treated With Antibody-Drug Conjugates",RECRUITING,2026-04-01,2035-04-30,Sun Yat-sen University,OTHER,HER 2 Negative Breast Cancer,PHASE2,52.0,Eribulin in Combination with Anlotinib,"Participants will receive eribulin mesylate administered as a 1-hour intravenous infusion at a dose of 1.4 mg/m² on Days 1 and 8 of each 21-day cycle. Anlotinib will be administered orally at a dose of 8 mg once daily on Days 1 through 14 of each 21-day cycle, followed by a 7-day rest period. Treatment will continue until disease progression, unacceptable toxicity, or withdrawal of consent.",HER2
NCT07393555,Treatment for Advanced Non-small Cell Lung Cancer With Actionable Genomic Alterations After Targeted Treatment and Chemotherapy (An Expanded Lung-MAP Treatment Trial),NOT_YET_RECRUITING,2026-08-07,2029-11,SWOG Cancer Research Network,NETWORK,Recurrent Lung Non-Small Cell Carcinoma; Stage IV Lung Cancer AJCC v8,PHASE2,117.0,Biospecimen Collection; Computed Tomography; Ivonescimab; Magnetic Resonance Imaging; Sacituzumab Govitecan,Undergo collection of blood samples | Undergo CT | Given IV | Undergo MRI | Given IV,Unknown/Not Specified
NCT07124117,A Study Evaluating OBI-902 in Participants With Advanced Solid Tumors,RECRUITING,2025-08-04,2029-02-08,"OBI Pharma, Inc",INDUSTRY,Advanced Solid Tumor,PHASE1; PHASE2,147.0,OBI-902,OBI-902 is an antibody-drug conjugate study drug,Unknown/Not Specified
NCT01605318,Study of Labetuzumab Govitecan in Participants With Metastatic Colorectal Cancer,TERMINATED,2013-02-12,2017-01-03,Gilead Sciences,INDUSTRY,Metastatic Colorectal Cancer; Colon Cancer; Rectal Cancer,PHASE1; PHASE2,92.0,Labetuzumab Govitecan (LG),Administered as a slow intravenous (IV) infusion.,Unknown/Not Specified
NCT02388490,Brentuximab Vedotin in Patients With Relapsed or Refractory EBV-and CD30-positive Lymphomas,COMPLETED,2016-03-25,2019-04-02,Seoul National University Hospital,OTHER,Relapsed or Refractory EBV-and CD30-positive Lymphomas,PHASE2,25.0,brentuximab vedotin,Brentuximab vedotin administered by IV infusion given over approximately 30 minutes on Day 1 of each 21-day cycle. The dose of brentuximab vedotin is 1.8 mg/kg q 3 weeks.,CD30
NCT05311397,A Study of A166 in Patients With Advanced Solid Malignant Tumors,ACTIVE_NOT_RECRUITING,2018-08-09,2026-12-31,"Sichuan Kelun-Biotech Biopharmaceutical Co., Ltd.",INDUSTRY,Breast Cancer,PHASE1,120.0,A166,A166 is an Antibody Drug Conjugate (ADC) targeting HER2 expressing cancer cells.,HER2
NCT03878927,"CPX-351+GO in Subjects 55 Years Old, or Older, With AML",TERMINATED,2019-08-23,2022-09-01,Weill Medical College of Cornell University,OTHER,Acute Myeloid Leukemia,PHASE1,11.0,CPX-351; Gemtuzumab Ozogamicin,"CPX-351 is a liposomal formulation of a fixed combination of the antineoplastic drugs cytarabine and daunorubicin. The two drugs are present inside the liposome in a 5:1 molar ratio. The liposome membrane is composed of distearoylphosphatidylcholine, distearoylphosphatidylglycerol and cholesterol in a 7:2:1 molar ratio. | Gemtuzumab ozogamicin is a CD-33 directed antibody drug conjugated to calicheamicin. CD 33 is expressed on myeloid leukemic blast cells and on normal hematopoietic cells. The drug is approved for the treatment of newly diagnosed CD 33 positive AML in adults and the treatment of relapsed and refractory CD 33 positive AML in adults. The drug is available for injection 4.5 mg as a lyophilized cake or powder in a single use vial for reconstitution and dilution.",Unknown/Not Specified
NCT03712202,Brentuximab Vedotin and Nivolumab in Treating Patients With Early Stage Classic Hodgkin Lymphoma,ACTIVE_NOT_RECRUITING,2018-11-28,2024-12-23,City of Hope Medical Center,OTHER,Ann Arbor Stage I Hodgkin Lymphoma; Ann Arbor Stage I Mixed Cellularity Classic Hodgkin Lymphoma; Ann Arbor Stage I Nodular Sclerosis Classic Hodgkin Lymphoma; Ann Arbor Stage IA Hodgkin Lymphoma; Ann Arbor Stage IB Hodgkin Lymphoma; Ann Arbor Stage II Hodgkin Lymphoma; Ann Arbor Stage IIA Hodgkin Lymphoma; Ann Arbor Stage IIB Hodgkin Lymphoma; Classic Hodgkin Lymphoma; Lymphocyte-Rich Classic Hodgkin Lymphoma; Ann Arbor Stage I Lymphocyte-Depleted Classic HL; Ann Arbor Stage II Lymphocyte-Depleted Classic HL; Ann Arbor Stage II Mixed Cellularity Classic HL; Ann Arbor Stage II Nodular Sclerosis Classic HL,PHASE2,155.0,Bleomycin; Brentuximab Vedotin; Dacarbazine; Doxorubicin; Nivolumab; Quality-of-Life Assessment; Vinblastine,Given IV | Given IV | Given IV | Given IV | Given IV | Ancillary studies | Given IV,Unknown/Not Specified
NCT04329429,A Study of RC48-ADC in Subjects With HER2 Overexpressed Metastatic Biliary Tract Cancer,UNKNOWN,2020-08-24,2024-06-30,"RemeGen Co., Ltd.",INDUSTRY,Biliary Tract Cancer,PHASE2,57.0,RC48-ADC,"The eligible patients will be treated with RC48-ADC, an antibody-drug conjugate, 2.5 mg/kg, once every two weeks until investigator-assessed loss of clinical benefit, unacceptable toxicity, investigator or participant's decision to withdraw from therapy, or death (whichever occurs first)",HER2
NCT04963153,Testing Combination Erdafitinib and Enfortumab Vedotin in Metastatic Bladder Cancer After Treatment With Chemotherapy and Immunotherapy,ACTIVE_NOT_RECRUITING,2022-07-07,2026-12-01,National Cancer Institute (NCI),NIH,Locally Advanced Bladder Urothelial Carcinoma; Locally Advanced Renal Pelvis Urothelial Carcinoma; Locally Advanced Ureter Urothelial Carcinoma; Locally Advanced Urethral Urothelial Carcinoma; Locally Advanced Urothelial Carcinoma; Metastatic Bladder Urothelial Carcinoma; Metastatic Renal Pelvis Urothelial Carcinoma; Metastatic Ureter Urothelial Carcinoma; Metastatic Urethral Urothelial Carcinoma; Metastatic Urothelial Carcinoma; Recurrent Bladder Urothelial Carcinoma; Recurrent Renal Pelvis Urothelial Carcinoma; Recurrent Ureter Urothelial Carcinoma; Recurrent Urethral Urothelial Carcinoma; Recurrent Urothelial Carcinoma; Stage IIIB Bladder Cancer AJCC v8; Stage IV Bladder Cancer AJCC v8; Stage IV Renal Pelvis Cancer AJCC v8; Stage IV Ureter Cancer AJCC v8; Stage IV Urethral Cancer AJCC v8,PHASE1,24.0,Biospecimen Collection; Bone Scan; Computed Tomography; Echocardiography Test; Enfortumab Vedotin; Erdafitinib; Multigated Acquisition Scan,Undergo blood sample collection | Undergo bone scan | Undergo CT | Undergo echocardiography | Given IV | Given PO | Undergo MUGA scan,Unknown/Not Specified
NCT01780662,Brentuximab Vedotin and Gemcitabine Hydrochloride in Treating Younger Patients With Relapsed or Refractory Hodgkin Lymphoma,COMPLETED,2013-01-31,2021-09-30,National Cancer Institute (NCI),NIH,Recurrent Adult Hodgkin Lymphoma; Recurrent Childhood Hodgkin Lymphoma; Refractory Childhood Hodgkin Lymphoma,PHASE1; PHASE2,46.0,Brentuximab Vedotin; Gemcitabine Hydrochloride,Given IV | Given IV,Unknown/Not Specified
NCT07502872,"TPG: Tafasitamab, Polatuzumab Vedotin, and Glofitamab as First-line Therapy for Diffuse Large B-cell Lymphoma and High-grade B-cell Lymphoma",NOT_YET_RECRUITING,2026-05-01,2029-12-01,Brown University,OTHER,"Diffuse Large B Cell Lymphoma; High-grade B-cell Lymphoma; Lymphoma; Lymphoma, B-Cell",PHASE2,30.0,Tafasitamab; Polatuzumab vedotin; Glofitamab; Obinutuzumab,Cytolytic monoclonal antibody targeting CD19. | CD79b-targeting antibody-drug conjugate | CD20xCD3 bispecific antibody | Anti-CD20 monoclonal antibody,CD19; CD20; CD79b
NCT02725541,Trial of Neoadjuvant Trastuzumab Emtansine in Patients With HER2-Equivocal Breast Cancer,WITHDRAWN,2016-03,2019-05,"Jenny C. Chang, MD",OTHER,Breast Cancer,PHASE2,0.0,Trastuzumab emtansine,HER2-targeted antibody drug conjugate of trastuzumab and DM1,HER2
NCT05135715,"A Study of RC48-ADC in Advanced Melanoma Subjects With HER2 Variant (Mutation, Amplification, Overexpression)",UNKNOWN,2022-04-19,2025-12-30,"RemeGen Co., Ltd.",INDUSTRY,"Melanoma, Stage II; HER2-positive; Advanced Melanoma",PHASE2,50.0,RC48-ADC,2.0 mg/kg IV every 2 weeks,HER2
NCT04887870,Study of Sitravatinib With or Without Other Anticancer Therapies Receiving Clinical Benefit From Parent Study,COMPLETED,2021-06-29,2025-09-25,Mirati Therapeutics Inc.,INDUSTRY,Advanced or Metastatic Solid Malignancies,PHASE2; PHASE3,52.0,Sitravatinib; Nivolumab; Pembrolizumab; Enfortumab Vedotin-Ejfv; Ipilimumab,"Sitravatinib is a small molecule inhibitor of receptor tyrosine kinases. | Nivolumab is a programmed death receptor-1 (PD-1) blocking antibody | Pembrolizumab is a programmed death receptor-1 (PD-1) blocking antibody | Enfortumab is a Nectin-4 directed antibody-drug conjugate (ADC) comprised of a monoclonal antibody conjugated to the small molecule microtubule disrupting agent, monomethyl auristatin E (MMAE) | Ipilimumab is a CTLA-4 (cytotoxic T-lymphocyte-associated protein 4) blocking antibody",Nectin-4
NCT01396070,Brentuximab Vedotin (SGN-35) in Patients With Mycosis Fungoides With Variable CD30 Expression Level,COMPLETED,2011-05,2016-05,Youn Kim,OTHER,Non-Hodgkin Lymphoma (NHL); Cutaneous Lymphoma; Cutaneous T-cell Lymphoma (CTCL); Mycosis Fungoides; Sezary Syndrome,PHASE2,36.0,Brentuximab vedotin,"1.8 mg/kg by IV every 3 weeks for a maximum of 16 doses (8 cycles).

Brentuximab vedotin is an antibody conjugate, consisting of the chimeric IgG1 anti-CD30 antibody cAC10; the microtubule disrupting agent monomethyl auristatin E (MMAE); a protease-cleavable linker that covalently attaches MMAE to cAC10.",CD30
NCT05797168,Phase I/IIa Study of AZD5335 as Monotherapy and Combination Therapy in Participants With Solid Tumors,RECRUITING,2023-06-05,2028-01-06,AstraZeneca,INDUSTRY,Ovarian Cancer; Lung Adenocarcinoma; Endometrial Cancer; Lung Squamous Cell Carcinoma,PHASE1; PHASE2,506.0,Torvutatug samrotecan; Saruparib; Bevacizumab; Carboplatin; Palacaparib; Pembrolizumab,IV Antibody-drug conjugate | Oral PARP inhibitor | IV Monoclonal antibody | IV Alkylating agent | Oral PARP inhibitor | IV Biologic,Unknown/Not Specified
NCT01497821,AMG 172 First in Human Study in Patients With Kidney Cancer,COMPLETED,2012-01,2015-01,Amgen,INDUSTRY,Renal Cell Adenocarcinoma; Clear Cell Renal Carcinoma; Clear Cell Renal Cell Carcinoma; Renal Cell Carcinoma,PHASE1,37.0,AMG 172,AMG 172 is an antibody drug conjugate,Unknown/Not Specified
NCT05489211,Study of Dato-DXd as Monotherapy and in Combination With Anti-cancer Agents in Patients With Advanced Solid Tumours (TROPION-PanTumor03),RECRUITING,2022-09-06,2027-10-01,AstraZeneca,INDUSTRY,Endometrial Cancer; Gastric Cancer; Metastatic Castration-resistant Prostate Cancer; Ovarian Cancer; Colorectal Cancer; Urothelial Cancer; Biliary Tract Cancer,PHASE2,454.0,Datopotamab deruxtecan (Dato-DXd); Capecitabine; 5-Fluorouracil; Volrustomig; Carboplatin; Bevacizumab; Rilvegostomig; Prednisone/ prednisolone; Cisplatin,Intravenous (IV) Antibody drug conjugate | Administered orally | Administered as an IV | Administered as an IV | Administered as an IV | Administered as an IV | Administered as an IV | Administered orally | Administered as an IV,Unknown/Not Specified
NCT06238687,A Study of STRO-002 in Chinese Adults With Epithelial Ovarian Cancer and Other Advanced Malignant Solid Tumors,COMPLETED,2023-11-08,2025-12-30,"Tasly Pharmaceutical Group Co., Ltd",INDUSTRY,Neoplasm Malignant,PHASE1; PHASE2,19.0,STRO-002,STRO-002 is an Antibody-drug conjugates (ADCs) combine the specificity of monoclonal antibodies with the anti-tumor activity of cytotoxic drugs.,Unknown/Not Specified
NCT04829604,"ARX788 in HER2-positive, Metastatic Breast Cancer Subjects (ACE-Breast-03)",ACTIVE_NOT_RECRUITING,2021-10-26,2027-06,"Ambrx, Inc.",INDUSTRY,HER2 Positive Metastatic Breast Cancer,PHASE2,72.0,ARX788,The active pharmaceutical ingredient in ARX788 is an antibody drug conjugate (ADC) consisting of a humanized anti-HER2 monoclonal antibody (mAb) (IgG1κ) covalently conjugated to two microtubule-disrupting payloads AS269,HER2
NCT01979536,Brentuximab Vedotin or Crizotinib and Combination Chemotherapy in Treating Patients With Newly Diagnosed Stage II-IV Anaplastic Large Cell Lymphoma,COMPLETED,2013-11-13,2024-03-31,National Cancer Institute (NCI),NIH,"Anaplastic Large Cell Lymphoma, ALK-Positive; Ann Arbor Stage II Noncutaneous Childhood Anaplastic Large Cell Lymphoma; Ann Arbor Stage III Noncutaneous Childhood Anaplastic Large Cell Lymphoma; Ann Arbor Stage IV Noncutaneous Childhood Anaplastic Large Cell Lymphoma",PHASE2,137.0,Brentuximab Vedotin; Crizotinib; Cyclophosphamide; Cytarabine; Dexamethasone; Doxorubicin Hydrochloride; Etoposide; Ifosfamide; Methotrexate,Given IV | Given PO | Given IV | Given IT and IV | Given PO or IV | Given IV | Given IV | Given IV | Given IT and IV,Unknown/Not Specified
NCT01414283,Prostate-specific Membrane Antigen Antibody-Drug Conjugate in Subjects With Prostate Cancer,COMPLETED,2008-10,2013-09,"Progenics Pharmaceuticals, Inc.",INDUSTRY,Prostate Cancer,PHASE1,52.0,PSMA ADC,PSMA ADC administered IV,PSMA
NCT06331169,Anlotinib With Trastuzumab Deruxtecan for Previously Treated HER2-Low Advanced Breast Cancer,RECRUITING,2024-07-31,2027-06-30,Fudan University,OTHER,Breast Cancer,PHASE1,42.0,Anlotinib; Trastuzumab deruxtecan,"Anlotinib is a new, orally administered tyrosine kinase inhibitor that targets vascular endothelial growth factor receptor (VEGFR), fibroblast growth factor receptor (FGFR), platelet-derived growth factor receptors (PDGFR), and c-kit. | Trastuzumab deruxtecan is an antibody-drug conjugate composed of an anti-HER2 (human epidermal growth factor receptor 2) antibody, a cleavable tetrapeptide-based linker, and a cytotoxic topoisomerase I inhibitor.",EGFR; HER2
NCT04839510,A Study of MRG002 in the Treatment of HER2-positive Unresectable Locally Advanced or Metastatic Urothelium Cancer,UNKNOWN,2021-04-20,2022-09,Shanghai Miracogen Inc.,INDUSTRY,Locally Advanced Urothelial Cancer; Metastatic Urothelial Carcinoma,PHASE2,58.0,MRG002,Administrated intravenously,HER2
NCT04617314,A Study of RC108-ADC in Subjects With Advanced Malignant Solid Tumors,COMPLETED,2021-03-10,2025-12-31,"RemeGen Co., Ltd.",INDUSTRY,Solid Tumor,PHASE1,67.0,RC108,"RC108 for injection is a novel antibody-drug conjugate, with a c-Met-targeting antibody and a microtube inhibitor.",c-Met
NCT04647916,Testing Sacituzumab Govitecan Therapy in Patients With HER2-Negative Breast Cancer and Brain Metastases,ACTIVE_NOT_RECRUITING,2021-06-08,2028-12,SWOG Cancer Research Network,NETWORK,Anatomic Stage IV Breast Cancer AJCC v8; Invasive Breast Carcinoma; Metastatic HER2 Negative Breast Carcinoma; Metastatic Malignant Neoplasm in the Brain; Prognostic Stage IV Breast Cancer AJCC v8,PHASE2,44.0,Sacituzumab Govitecan,Given IV,HER2
NCT07065435,RC48 Plus Bevacizumab or Pyrotinib in HER2-Positive Metastatic Breast Cancer After T-DXd Failure: A Phase II Study,RECRUITING,2024-01-01,2026-01-01,The First Affiliated Hospital with Nanjing Medical University,OTHER,HER2 + Breast Cancer,PHASE2,74.0,Disitamab Vedotin (RC48); Bevacizumab; Pyrotinib,"A HER2-targeted antibody-drug conjugate comprising a humanized anti-HER2 monoclonal antibody linked via a cathepsin-cleavable MC-VC-PAB linker to the microtubule inhibitor MMAE (drug-to-antibody ratio ≈4). Administered intravenously at 2.0 mg/kg every 2 weeks. | A recombinant humanized monoclonal antibody that binds vascular endothelial growth factor (VEGF) to inhibit tumor angiogenesis. Administered intravenously at 7.5 mg/kg every 2 weeks in combination with RC48. | An irreversible pan-HER tyrosine kinase inhibitor targeting HER1, HER2, and HER4, inhibiting downstream PI3K/Akt and MAPK signaling. Administered orally at 320 mg once daily (post-meal) in combination with RC48.",HER2
NCT07602140,"TACE Combined With Thermal Ablation and ADC, PD-1, and Chemotherapy as First-line Treatment for HER2-highly-expressing Gastric Cancer With Liver Metastases: A Multicenter, Single-arm Prospective Clinical Study.",NOT_YET_RECRUITING,2026-08-01,2029-08-01,Shandong Provincial Hospital,OTHER_GOV,Gastric Cancer With Liver Metastases,PHASE2,40.0,TACE combined with thermal ablation; Targeted Therapy; Immunotherapy; Chemotherapy,"The decision to perform transarterial chemoembolization (TACE) and/or thermal ablation is based on the blood supply, size, and number of liver metastases as determined by imaging examinations.

Interventional therapy is repeated every two cycles, and TACE and/or thermal ablation therapy are selected based on the blood supply, location, size and number of liver metastases. | Disitamab Vedotin For Injection: 2.5 mg/kg, day 1, IV drip , Q3W. | Sintilimab : 200mg , d1 , ivdrip , q3w | S-1 : 40-60 mg/dose, orally, twice daily (bid), daily (days 1-14) , every 3 weeks (q3w).",HER2
NCT04714190,A Study of RC48-ADC in Local Advanced or Metastatic Gastric Cancer With the HER2-Overexpression,UNKNOWN,2021-03-24,2025-06-30,"RemeGen Co., Ltd.",INDUSTRY,Gastric Cancer; HER2 Overexpressing Gastric Carcinoma,PHASE3,351.0,RC48-ADC; Paclitaxel injection; Irinotecan Hydrochloride Injection; Apatinib Mesylate Tablets,"2.5 mg/kg IV every 2 weeks | Administered according to label, as one option for Physician's Choice (determined before randomization) | Administered according to label, as one option for Physician's Choice (determined before randomization) | Administered according to label, as one option for Physician's Choice (determined before randomization)",HER2
NCT03878524,Serial Measurements of Molecular and Architectural Responses to Therapy (SMMART) PRIME Trial,TERMINATED,2020-04-01,2020-12-10,OHSU Knight Cancer Institute,OTHER,"Accelerated Phase Chronic Myelogenous Leukemia, BCR-ABL1 Positive; Anatomic Stage IV Breast Cancer AJCC v8; Anemia; Ann Arbor Stage III Hodgkin Lymphoma; Ann Arbor Stage III Non-Hodgkin Lymphoma; Ann Arbor Stage IV Hodgkin Lymphoma; Ann Arbor Stage IV Non-Hodgkin Lymphoma; Atypical Chronic Myeloid Leukemia, BCR-ABL1 Negative; Blast Phase Chronic Myelogenous Leukemia, BCR-ABL1 Positive; Castration-Resistant Prostate Carcinoma; Chronic Phase Chronic Myelogenous Leukemia, BCR-ABL1 Positive; Hematopoietic and Lymphoid System Neoplasm; Locally Advanced Pancreatic Adenocarcinoma; Metastatic Breast Carcinoma; Metastatic Malignant Solid Neoplasm; Metastatic Pancreatic Adenocarcinoma; Myelodysplastic/Myeloproliferative Neoplasm With Ring Sideroblasts and Thrombocytosis; Myelodysplastic/Myeloproliferative Neoplasm, Unclassifiable; Primary Myelofibrosis; Recurrent Acute Lymphoblastic Leukemia; Recurrent Acute Myeloid Leukemia; Recurrent Chronic Lymphocytic Leukemia; Recurrent Chronic Myelogenous Leukemia, BCR-ABL1 Positive; Recurrent Hematologic Malignancy; Recurrent Hodgkin Lymphoma; Recurrent Myelodysplastic Syndrome; Recurrent Myelodysplastic/Myeloproliferative Neoplasm; Recurrent Myeloproliferative Neoplasm; Recurrent Non-Hodgkin Lymphoma; Recurrent Plasma Cell Myeloma; Recurrent Small Lymphocytic Lymphoma; Refractory Acute Lymphoblastic Leukemia; Refractory Acute Myeloid Leukemia; Refractory Chronic Lymphocytic Leukemia; Refractory Chronic Myelogenous Leukemia, BCR-ABL1 Positive; Refractory Chronic Myelomonocytic Leukemia; Refractory Hematologic Malignancy; Refractory Hodgkin Lymphoma; Refractory Malignant Solid Neoplasm; Refractory Myelodysplastic Syndrome; Refractory Myelodysplastic/Myeloproliferative Neoplasm; Refractory Non-Hodgkin Lymphoma; Refractory Plasma Cell Myeloma; Refractory Primary Myelofibrosis; Refractory Small Lymphocytic Lymphoma; Stage II Pancreatic Cancer AJCC v8; Stage III Pancreatic Cancer AJCC v8; Stage IV Pancreatic Cancer AJCC v8; Stage IV Prostate Cancer AJCC v8; Unresectable Pancreatic Adenocarcinoma",PHASE1,2.0,Abemaciclib; Abiraterone; Afatinib; Bevacizumab; Bicalutamide; Biospecimen Collection; Bortezomib; Cabazitaxel; Cabozantinib; Capecitabine; Carboplatin; Celecoxib; Cobimetinib; Copanlisib; Dabrafenib; Dacomitinib; Darolutamide; Dasatinib; Doxorubicin; Durvalumab; Enasidenib; Entrectinib; Enzalutamide; Erlotinib; Everolimus; Fluorouracil; Idelalisib; Imatinib; Ipilimumab; Lenvatinib; Leucovorin; Lorlatinib; Losartan; Nab-paclitaxel; Neratinib; Nivolumab; Olaparib; Oxaliplatin; Palbociclib; Panobinostat; Pembrolizumab; Pertuzumab; Ponatinib; Quality-of-Life Assessment; Regorafenib; Ruxolitinib; Sirolimus; Sorafenib; Sunitinib; Trametinib; Trastuzumab Emtansine; Tretinoin; Vemurafenib; Venetoclax; Vismodegib; Vorinostat,"Given PO | Given PO | Given PO | Given IV | Given PO | Undergo collection of biospecimens (including tissue, blood, or previously collected archival specimens) | Given IV | Given IV | Given PO | Given PO | Given IV | Given PO | Given PO | Given IV | Given PO | Given PO | Given PO | Given PO | Given IV | Given IV | Given PO | Given PO | Given PO | Given PO | Given PO | Given IV | Given PO | Given PO | Given IV | Given PO | Given IV | Given PO | Given PO | Given IV | Given PO | Given IV | Given PO | Given IV | Given PO | Given PO | Given IV | Given IV | Given PO | Ancillary studies | Given PO | Given PO | Given PO | Given PO | Given PO | Given PO | Given IV | Given PO | Given PO | Given PO | Given PO | Given PO",Unknown/Not Specified
NCT02908451,"A Study of AbGn-107 in Patients With Gastric, Colorectal, Pancreatic or Biliary Cancer",TERMINATED,2017-04-24,2021-02-28,AbGenomics B.V Taiwan Branch,INDUSTRY,Gastric Cancer; Colorectal Cancer; Pancreatic Cancer; Biliary Cancer,PHASE1,39.0,AbGn-107,Antibody Drug Conjugate,Unknown/Not Specified
NCT04659044,"Polatuzumab Vedotin, Venetoclax, and Rituximab and Hyaluronidase Human for the Treatment of Relapsed or Refractory Mantle Cell Lymphoma",TERMINATED,2021-04-01,2024-03-29,Academic and Community Cancer Research United,OTHER,Recurrent B-Cell Non-Hodgkin Lymphoma; Recurrent Grade 1 Follicular Lymphoma; Recurrent Grade 2 Follicular Lymphoma; Recurrent Grade 3a Follicular Lymphoma; Recurrent Mantle Cell Lymphoma; Recurrent Marginal Zone Lymphoma; Recurrent Small Lymphocytic Lymphoma; Refractory B-Cell Non-Hodgkin Lymphoma; Refractory Grade 1 Follicular Lymphoma; Refractory Grade 2 Follicular Lymphoma; Refractory Grade 3a Follicular Lymphoma; Refractory Mantle Cell Lymphoma; Refractory Marginal Zone Lymphoma; Refractory Small Lymphocytic Lymphoma,PHASE2,3.0,Polatuzumab Vedotin; Rituximab; Rituximab and Hyaluronidase Human; Venetoclax,Given IV | Given IV | Given SC | Given PO,Unknown/Not Specified
NCT06764095,"Enfortumab Vedotin and Pembrolizumab With Cystectomy and/or Ureterectomy for Locally Advanced or Metastatic Bladder and Upper Urothelial Tract Cancer, CAST-AI Trial",RECRUITING,2025-01-08,2034-12-31,Mayo Clinic,OTHER,Locally Advanced Bladder Urothelial Carcinoma; Locally Advanced Renal Pelvis and Ureter Urothelial Carcinoma; Metastatic Bladder Urothelial Carcinoma; Metastatic Renal Pelvis and Ureter Urothelial Carcinoma; Stage III Bladder Cancer AJCC v8; Stage IV Bladder Cancer AJCC v8; Stage IV Renal Pelvis and Ureter Cancer AJCC v8,PHASE4,75.0,Biospecimen Collection; Computed Tomography; Cystectomy; Enfortumab Vedotin; Local Therapy; Magnetic Resonance Imaging; Pembrolizumab; Positron Emission Tomography; Questionnaire Administration; Ureterectomy,Undergo urine and blood sample collection | Undergo CT or PET/CT | Undergo cytoreductive cystectomy | Given IV | Undergo MDT | Undergo MRI | Given IV | Undergo PET/CT | Ancillary studies | Undergo ureterectomy,Unknown/Not Specified
NCT07286266,A Study to Investigate Mocertatug Rezetecan Compared With Standard of Care in Participants With Platinum-resistant Ovarian Cancer (BEHOLD-Ovarian01),RECRUITING,2026-06-18,2030-08-21,GlaxoSmithKline,INDUSTRY,Ovarian Neoplasms,PHASE3,450.0,Mocertatug rezetecan; Paclitaxel; Pegylated liposomal doxorubicin (PLD); Topotecan; Gemcitabine; Pembrolizumab; Bevacizumab,Mocertatug rezetecan will be administered | Paclitaxel will be administered | PLD will be administered | Topotecan will be administered | Gemcitabine will be administered | Pembrolizumab will be administered | Bevacizumab will be administered,Unknown/Not Specified
NCT06775236,Clinical Trial of SYS6010±SYH2051 Versus Chemotherapy in Advanced Breast Cancer and Other Solid Tumors,NOT_YET_RECRUITING,2025-03-20,2028-01-15,"CSPC Megalith Biopharmaceutical Co.,Ltd.",INDUSTRY,Advanced Solid Tumors; Breast Cancer,PHASE1; PHASE2,410.0,SYS6010 jnjection; monotherapy chemotherapy; SYH2051 tablets,"SYS6010 is an antibody conjugate drug (ADC), composed of one anti-EGFR monoclonal antibody coupled to one JS1 via an enzyme specific linker | Investigator's choice of monotherapy chemotherapy (Eribulin, Capecitabine, Gemcitabine, Vinorelbine, or Taxanes.) | SYH2051 is a Selective ATM protein kinase inhibitor",EGFR
NCT06625593,"A First-in-Human (FIH) Study of BG-C137, an Anti-Fibroblast Growth Factor Receptor 2b (FGFR2b) Antibody Drug Conjugate, in Participants With Advanced Solid Tumors",RECRUITING,2024-12-09,2026-12-31,BeOne Medicines,INDUSTRY,Advanced Solid Tumor,PHASE1,168.0,BG-C137; Anticancer Agents,Administered intravenously | Administered intravenously or orally,Unknown/Not Specified
NCT03544281,"To Evaluate Safety, Tolerability, and Clinical Activity of the Antibody-drug Conjugate, GSK2857916 Administered in Combination With Lenalidomide Plus Dexamethasone (Arm A), or in Combination With Bortezomib Plus Dexamethasone (Arm B) in Participants With Relapsed/Refractory Multiple Myeloma (RRMM)",COMPLETED,2018-09-20,2024-02-28,GlaxoSmithKline,INDUSTRY,Multiple Myeloma,PHASE1; PHASE2,153.0,Belantamab mafodotin; Lenalidomide; Dexamethasone; Bortezomib,"Selected doses of belantamab mafodotin will be administered as an infusion. | Lenalidomide will be administered as 25 or 10 mg,orally, with belantamab mafodotin and dexamethasone. | Dexamethasone will be administered as 20 or 40 mg, orally with belantamab mafodotin. | Bortezomib will be administered as 1.3 mg/m\^2, as SC or IV, with belantamab mafodotin and dexamethasone.",Unknown/Not Specified
NCT03219333,A Study of Enfortumab Vedotin for Patients With Locally Advanced or Metastatic Urothelial Bladder Cancer,COMPLETED,2017-10-08,2023-07-28,Astellas Pharma Inc,INDUSTRY,"Carcinoma, Transitional Cell; Urinary Bladder Neoplasms; Urologic Neoplasms; Renal Pelvis Neoplasms; Urothelial Cancer; Ureteral Neoplasms; Urethral Neoplasms",PHASE2,219.0,Enfortumab vedotin,"Intravenous (IV) infusion on days 1, 8 and 15 every 28 days",Unknown/Not Specified
NCT02020135,An Open-label Extension Study of PSMA ADC 2301 in mCRPC,COMPLETED,2013-10,2015-03,"Progenics Pharmaceuticals, Inc.",INDUSTRY,Prostate Cancer,PHASE2,9.0,PSMA ADC,"Upon recommendation from the PI and after Sponsor approval, a subject benefiting from treatment could have received up to eight additional doses Q3W. Subjects were weighed prior to each cycle and dosing was calculated on a mg/kg basis prior to each dose, with a maximum weight of 100 kg for dosing calculations.",PSMA
NCT06774963,A Phase 1 Study of LNCB74 in Advanced Solid Tumors,RECRUITING,2025-01-07,2026-12,"NextCure, Inc.",INDUSTRY,Ovarian Cancer; Breast Cancer; Endometrial Cancer; Biliary Tract Cancer; Non-Small Cell Lung Cancer; Advanced or Metastatic Solid Tumors,PHASE1,145.0,LNCB74,LNCB74 is an antibody drug conjugate being evaluated as a potential treatment for participants with advanced solid tumors. Participants will receive LNCB74 into the vein (IV; intravenously) in 21-day dosing cycles. Participants will continue treatment in the absence of unacceptable toxicities and unequivocal disease progression.,Unknown/Not Specified
NCT05308225,Study to Assess Anti-CD38 Antibody Drug Conjugate in Relapsed or Refractory Multiple Myeloma,ACTIVE_NOT_RECRUITING,2023-02-01,2026-07,"Sorrento Therapeutics, Inc.",INDUSTRY,Multiple Myeloma,PHASE1; PHASE2,72.0,STI-6129,Anti-CD38 A2 human antibody drug conjugate (ADC) containing an antibody covalently bound to a duostatin tubulin inhibitor,Unknown/Not Specified
NCT05410418,Mosunetuzumab and Polatuzumab Vedotin for Untreated Follicular Lymphoma,ACTIVE_NOT_RECRUITING,2022-10-24,2029-04-24,Washington University School of Medicine,OTHER,"Lymphoma, Follicular; Follicular Lymphoma",PHASE2,34.0,Mosunetuzumab; Polatuzumab vedotin,"Mosunetuzumab is administered subcutaneously using a ""step-up"" dosing strategy. The initial dose on C1D1 will be 5 mg, and doses thereafter will be 45 mg. | Polatuzumab vedotin is administered intravenously over 90 minutes for the initial dose, and over 30 minutes thereafter.",Unknown/Not Specified
NCT03326258,"Glembatumumab Vedotin, Nivolumab, and Ipilimumab in Treating Patients With Advanced Metastatic Solid Tumors That Cannot Be Removed by Surgery",WITHDRAWN,2018-04-20,2018-04-20,National Cancer Institute (NCI),NIH,Advanced Malignant Solid Neoplasm; Estrogen Receptor Negative; GPNMB Positive; HER2/Neu Negative; Metastatic Malignant Solid Neoplasm; Metastatic Melanoma; Progesterone Receptor Negative; Stage III Breast Cancer AJCC v7; Stage III Cutaneous Melanoma AJCC v7; Stage III Uveal Melanoma AJCC v7; Stage IIIA Cutaneous Melanoma AJCC v7; Stage IIIB Cutaneous Melanoma AJCC v7; Stage IIIC Cutaneous Melanoma AJCC v7; Stage IV Breast Cancer AJCC v6 and v7; Stage IV Cutaneous Melanoma AJCC v6 and v7; Stage IV Uveal Melanoma AJCC v7; Triple-Negative Breast Carcinoma; Unresectable Solid Neoplasm,PHASE1; PHASE2,0.0,Glembatumumab Vedotin; Ipilimumab; Laboratory Biomarker Analysis; Nivolumab; Pharmacological Study,Given IV | Given IV | Correlative studies | Given IV | Correlative studies,HER2
NCT00801489,"Fludarabine Phosphate, Cytarabine, Filgrastim-sndz, Gemtuzumab Ozogamicin, and Idarubicin Hydrochloride in Treating Patients With Newly Diagnosed Acute Myeloid Leukemia or High-Risk Myelodysplastic Syndrome",RECRUITING,2007-04-04,2028-10-11,M.D. Anderson Cancer Center,OTHER,Acute Myeloid Leukemia With Inv(16)(p13.1q22); CBFB-MYH11; Acute Myeloid Leukemia With t(16;16)(p13.1;q22); CBFB-MYH11; Acute Myeloid Leukemia With t(8;21); (q22; q22.1); RUNX1-RUNX1T1; de Novo Myelodysplastic Syndrome; High Risk Myelodysplastic Syndrome; Inv(16); Myelodysplastic Syndrome With Excess Blasts; t(16;16); t(8;21); Untreated Adult Acute Myeloid Leukemia,PHASE2,270.0,Cytarabine; Decitabine; Filgrastim-sndz; Fludarabine Phosphate; Gemtuzumab Ozogamicin; Idarubicin; Laboratory Biomarker Analysis,Given IV | Given IV | Given SC | Given IV | Given IV | Given IV | Correlative studies,Unknown/Not Specified
NCT05870748,REFRaME-O1: A Study to Investigate the Efficacy and Safety of Luveltamab Tazevibulin Versus Investigator's Choice (IC) Chemotherapy in Women With Ovarian Cancer (Including Fallopian Tube or Primary Peritoneal Cancers) Expressing FOLR1,TERMINATED,2023-07-12,2025-08-26,"Sutro Biopharma, Inc.",INDUSTRY,Ovarian Cancer; Epithelial Ovarian Cancer; Fallopian Tube Cancer; Primary Peritoneal Cancer; Platinum-resistant Ovarian Cancer,PHASE2; PHASE3,600.0,Luveltamab tazevibulin; Pegfilgrastim; Gemcitabine; Paclitaxel; Pegylated liposomal doxorubicin; Topotecan,"Luveltamab tazevibulin is an antibody-drug conjugate targeting FOLR1. It consists of an IgG1 antibody (SP8166) conjugated to cleavable 3-3-aminophenyl hemiasterlin drug-linkers at 4 sites. The active warhead (SC209) inhibits tubulin polymerization leading to mitotic arrest and cell death. | Pegfilgrastim or pegylated G-CSF is approved and used to decrease the incidence of infection in patients receiving myelosuppressive anti-cancer drugs. It increases the proliferation and differentiation of neutrophils. | Gemcitabine is a chemotherapy regimen used for treating platinum-resistant ovarian cancer. It inhibits ribonucleotide reductase and DNA polymerase, hindering tumor cell growth and promoting cell death. | Paclitaxel is a chemotherapy regimen approved for treatment of previously treated ovarian cancer. It stabilizes microtubules, inhibiting tumor cell replication. | Pegylated liposomal doxorubicin is a chemotherapy regimen approved for treating platinum-resistant ovarian cancer. It inhibits DNA and RNA synthesis by intercalating between base pairs, obstructing tumor cell division. | Topotecan is a chemotherapy regimen approved for treatment of metastatic ovarian cancer after disease progression on or after initial or subsequent chemotherapy. It binds to topoisomerase I inducing DNA breaks and subsequent tumor cell apoptosis.",Unknown/Not Specified
NCT03013933,"Brentuximab Vedotin, Cyclosporine, and Verapamil Hydrochloride in Treating Patients With Relapsed or Refractory Hodgkin Lymphoma",COMPLETED,2017-05-03,2022-05-24,City of Hope Medical Center,OTHER,Recurrent Hodgkin Lymphoma; Refractory Hodgkin Lymphoma,PHASE1,29.0,Brentuximab Vedotin; Cyclosporine; Pharmacokinetic Study; Verapamil; Verapamil Hydrochloride,Given IV | Given PO | Correlative studies | Given PO | Given PO,Unknown/Not Specified
NCT05527184,First in Human Study of IMGN151 in Recurrent Gynaecological Cancers,ACTIVE_NOT_RECRUITING,2023-01-11,2027-02,AbbVie,INDUSTRY,Endometrial Cancer; High Grade Serous Adenocarcinoma of Ovary; Primary Peritoneal Carcinoma; Fallopian Tube Cancer; Cervical Cancer,PHASE1,256.0,IMGN151,IMGN151 is an antibody-drug conjugate (ADC).,Unknown/Not Specified
NCT02839681,Anti-Mesothelin Antibody Drug Conjugate Anetumab Ravtansine for Mesothelin Expressing Lung Adenocarcinoma,TERMINATED,2016-07-19,2018-07-25,National Cancer Institute (NCI),NIH,Lung Neoplasms,PHASE2,2.0,Anetumab Ravtansine; Blood test,Administered intravenously (IV) every 3 weeks | Research blood test for eligibility,Mesothelin
NCT06927895,Breast Cancer Implementation Science Study With Educational Intervention,RECRUITING,2025-07-03,2027-08-31,NYU Langone Health,OTHER,Breast Cancer,NOT_APPLICABLE,30.0,Educational Intervention,"The research-specific educational intervention is the enhancement of communications and SDM in AE management.

To this end, interventions will include pre-recorded videos that address:

1. SDM methodologies (\~30 minutes)
2. Simulated case role play interactions between a standardized patient actor and clinician participant (\~60 minutes)
3. In depth presentation on AEs associated with HER2-targeted ADC treatments, and the management of these AEs (\~45 minutes)

Clinician participant educational intervention videos and patient participant educational intervention videos will be slightly different, as they are each presented from their specific perspectives.",HER2
NCT04264936,A Study of RC48-ADC(Antibody Drug Conjugate) and JS001 to Evaluate the Safety and Pharmacokinetics of Subjects With Locally Advanced or Metastatic Urothelial Cancer,UNKNOWN,2020-02-15,2021-12-31,Peking University Cancer Hospital & Institute,OTHER,Urothelial Carcinoma,PHASE1; PHASE2,36.0,RC48-ADC and JS001,Recombinant Humanized anti-HER2(Human epidermal growth factor receptor-2) Monoclonal Antibody-MMAE(Monomethyl Auristatin E) Conjugate For Injection and JS001 Injection,HER2
NCT05408845,"Testing the Use of Ado-Trastuzumab Emtansine Compared to the Usual Treatment (Chemotherapy With Docetaxel Plus Trastuzumab) or Trastuzumab Deruxtecan for Recurrent, Metastatic, or Unresectable HER2-Expressing Salivary Gland Cancers",RECRUITING,2023-03-03,2028-07-31,NRG Oncology,OTHER,Metastatic Salivary Gland Carcinoma; Recurrent Salivary Gland Carcinoma; Stage III Major Salivary Gland Cancer AJCC v8; Stage IV Major Salivary Gland Cancer AJCC v8; Unresectable Salivary Gland Carcinoma,PHASE2,146.0,Biopsy Procedure; Biospecimen Collection; Computed Tomography; Docetaxel; Echocardiography Test; Magnetic Resonance Imaging; Multigated Acquisition Scan; Questionnaire Administration; Trastuzumab; Trastuzumab Deruxtecan; Trastuzumab Emtansine,Undergo a biopsy | Undergo blood sample collection | Undergo a CT scan | Given IV | Undergo ECHO | Undergo MRI | Undergo MUGA | Ancillary studies | Given IV | Given IV | Given IV,HER2
NCT03556345,A Study of RC48-ADC in Local Advanced or Metastatic Gastric Cancer Subjects With the Overexpression of HER2,COMPLETED,2018-07-10,2020-08-31,"RemeGen Co., Ltd.",INDUSTRY,Gastric Cancer; HER2 Overexpressing Gastric Carcinoma,PHASE2,127.0,RC48-ADC,2.5 mg/kg IV every 2 weeks,HER2
NCT03373305,Brentuximab Vedotin and Lenalidomide in Treating Patients With Relapsed or Refractory T-Cell Lymphomas,WITHDRAWN,2019-03,2019-04-26,City of Hope Medical Center,OTHER,CD30-Positive Neoplastic Cells Present; Folliculotropic Mycosis Fungoides; Recurrent Mycosis Fungoides; Recurrent Primary Cutaneous T-Cell Non-Hodgkin Lymphoma; Refractory Mycosis Fungoides; Refractory Primary Cutaneous T-Cell Non-Hodgkin Lymphoma; Sezary Syndrome,PHASE1,0.0,Brentuximab Vedotin; Lenalidomide; Laboratory Biomarker Analysis,Given IV | Given PO | Correlative studies,CD30
NCT07480694,Eribulin Mesylate-based Therapy in Patients With Advanced HER2-negative Breast Cancer Previously Treated With ADC,NOT_YET_RECRUITING,2026-03,2028-02,Fudan University,OTHER,Treatment Efficacy,NOT_APPLICABLE,400.0,,,HER2
NCT05868226,PRE-I-SPY Phase I/Ib Oncology Platform Program,RECRUITING,2023-02-15,2029-12-30,QuantumLeap Healthcare Collaborative,OTHER,"HER2-positive Breast Cancer; Metastatic Cancer; Metastatic Breast Cancer; Metastatic; HER2-positive Metastatic Breast Cancer; HER2 Mutation-Related Tumors; HER-2 Protein Overexpression; HER2-negative Breast Cancer; Triple Negative Breast Cancer; HR Positive; Hormone Receptor-positive Breast Cancer; Estrogen Receptor Positive Tumor; Progesterone Receptor-positive Breast Cancer; Hormone Receptor Negative Breast Carcinoma; Solid Tumor; Solid Tumor, Adult; Solid Carcinoma; HER2 Low Breast Cancer; HER2 Low Breast Carcinoma; ER Positive Breast Cancer; PR-positive Breast Cancer",PHASE1,124.0,ALX148; Fam-Trastuzumab Deruxtecan-Nxki; Zanidatamab; Tucatinib,"CD47 Inhibitor: A fusion protein containing a high affinity engineered D1 domain of human signal regulatory protein alpha (SIRPα) variant 1 (v1) genetically linked to a modified and inactive Fc domain of human immunoglobulin (Ig) G1. | Antibody-drug conjugate (ADC): A recombinant humanized anti-human HER2 IgG1 monoclonal antibody, conjugated with linker to a Topoisomerase I inhibitor | Bispecific HER2 antibody: A humanized, bispecific, immunoglobulin G isotype 1 (IgG1)-like antibody directed against the juxtamembrane extracellular domain (ECD4) and the dimerization domain (ECD2) of human epidermal growth factor receptor 2 (HER2). | Small molecule tyrosine kinase inhibitor (TKI) of HER2 (oral drug).",HER2
NCT04622774,First-in-Human Study of IMGC936 in Participants With Advanced Solid Tumors,COMPLETED,2020-10-29,2023-12-28,"ImmunoGen, Inc.",INDUSTRY,Advanced Solid Tumor,PHASE1; PHASE2,56.0,IMGC936,Antibody Drug Conjugate,Unknown/Not Specified
NCT03748186,"Study of STRO-002, an Anti-Folate Receptor Alpha (FolRα) Antibody Drug Conjugate in Ovarian & Endometrial Cancers",COMPLETED,2019-02-01,2024-06-04,"Sutro Biopharma, Inc.",INDUSTRY,Ovarian Cancer; Ovarian Carcinoma; Ovary Cancer; Endometrial Cancer; Endometrioid Adenocarcinoma; Fallopian Tube Cancer; Primary Peritoneal Carcinoma,PHASE1,136.0,STRO-002,intravenous antibody drug conjugate,Folate Receptor
NCT07578571,A Phase 1 Study of IM-1617 in Participants With Advanced Cancer,RECRUITING,2026-05-21,2029-01,"Immunome, Inc.",INDUSTRY,Colorectal Cancer; Non-Small Cell Lung Cancer; Breast Cancer; Esophageal Cancer; Stomach Cancer; Cancer,PHASE1,175.0,IM-1617,IM-1617 is an antibody-drug conjugate,Unknown/Not Specified
NCT05599360,Vyxeos for Induction of Low- or Intermediate-risk.,ACTIVE_NOT_RECRUITING,2022-08-07,2028-09-07,Shaare Zedek Medical Center,OTHER,"Leukemia, Myeloid, Acute",PHASE2,20.0,Vyxeos; Mylotarg,"Vyxeos (daunorubicin and cytarabine) liposome for injection | Gemtuzumab ozogamicin is an antibody-drug conjugate (ADC) composed of the CD33-directed monoclonal antibody (hP67.6; recombinant humanized immunoglobulin \[Ig\] G4, kappa antibody produced by mammalian cell culture in non-secreting 0 (NS0) cells) that is covalently linked to the cytotoxic agent N-acetyl gamma calicheamicin. Gemtuzumab ozogamicin consists of conjugated and unconjugated gemtuzumab. The conjugated molecules differ in the number of activated calicheamicin derivative moieties attached to gemtuzumab. The number of conjugated calicheamicin derivatives per gemtuzumab molecule ranges from predominantly zero to 6, with an average of 2 to 3 moles of calicheamicin derivative per mole of gemtuzumab.",CD33
NCT04300556,"A Study to Evaluate the Safety, Tolerability, and Efficacy of MORAb-202 (Herein Referred to as Farletuzumab Ecteribulin), a Folate Receptor Alpha (FRα)-Targeting Antibody-drug Conjugate (ADC) in Participants With Selected Tumor Types",RECRUITING,2020-08-06,2030-08-08,Eisai Inc.,INDUSTRY,Solid Tumor,PHASE1; PHASE2,182.0,Farletuzumab ecteribulin; Prednisone; Prednisolone; Dexamethasone; Lenvatinib,Farletuzumab ecteribulin intravenous infusion. | Prednisone administered orally. | Prednisolone administered orally. | Dexamethasone administered orally. | Lenvatinib administered orally.,Folate Receptor
NCT04822337,"Study of Carfilzomib, Lenalidomide, Dexamethasone and Belantamab Mafodotin in Multiple Myeloma",ACTIVE_NOT_RECRUITING,2021-05-19,2032-11,Wake Forest University Health Sciences,OTHER,Multiple Myeloma,PHASE1; PHASE2,70.0,"Carfilzomib, Lenalidomide, Dexamethasone, Belantamab Mafodotin",Phase I - Chemotherapy multiple agents systemic Phase II - Maximum Tolerated Dose from Phase I,Unknown/Not Specified
NCT04610528,"A Window-of-opportunity Study of U3-1402, a HER3-targeting Antibody-drug Conjugate in Operable Breast Cancer According to ERBB3 Expression",UNKNOWN,2020-12-22,2023-09-30,SOLTI Breast Cancer Research Group,OTHER,Breast Cancer,EARLY_PHASE1,80.0,U3 1402; U3 1402,6.4 mg/kg dose | 5.6 mg/kg dose,Unknown/Not Specified
NCT03835819,A Phase 2 Study of Mirvetuximab Soravtansine (IMGN853) and Pembrolizumab in Endometrial Cancer (EC),ACTIVE_NOT_RECRUITING,2020-01-02,2027-02-01,Dana-Farber Cancer Institute,OTHER,Endometrial Cancer,PHASE2,18.0,Pembrolizumab; IMGN853,Pembrolizumab is an immunotherapy that activates a patient's own immune system to recognize and kill tumor cells | Mirvetuximab soravtansine is an antibody-drug conjugate.,Unknown/Not Specified
NCT04439110,Testing Ado-Trastuzumab Emtansine as a Potential Targeted Treatment in Cancers With HER2 Genetic Changes (MATCH-Subprotocol Q),ACTIVE_NOT_RECRUITING,2015-08-12,2027-03-31,National Cancer Institute (NCI),NIH,Advanced Lymphoma; Advanced Malignant Solid Neoplasm; Hematopoietic and Lymphoid Cell Neoplasm; Refractory Lymphoma; Refractory Malignant Solid Neoplasm; Refractory Multiple Myeloma,PHASE2,38.0,Trastuzumab Emtansine,Given IV,HER2
NCT04484623,Belantamab Mafodotin Plus Pomalidomide and Dexamethasone (Pd) Versus Bortezomib Plus Pd in Relapsed/Refractory Multiple Myeloma,ACTIVE_NOT_RECRUITING,2020-10-01,2029-06-25,GlaxoSmithKline,INDUSTRY,Multiple Myeloma,PHASE3,302.0,Belantamab mafodotin; Pomalidomide; Dexamethasone; Bortezomib,Humanized anti-B-cell maturation antigen (BCMA) antibody/drug conjugate will be administered. | Immunomodulatory drug (IMiD) will be administered. | Synthetic glucocorticoid with anti-tumor activity will be administered. | Proteasome Inhibitor will be administered.,BCMA
NCT06457997,A Study of PHN-010 in Patients With Advanced Solid Tumors,TERMINATED,2024-07-01,2025-09-11,Pheon Therapeutics,INDUSTRY,Lung Cancer; Colon Cancer; Endometrial Cancer; Ovarian Cancer; Cervical Cancer; Advanced Solid Tumor; Advanced Cancer,PHASE1,26.0,PHN-010,PHN-010 is an ADC,Unknown/Not Specified
NCT07087860,Therapeutic Plasma Exchange With Enfortumab Vedotin and Pembrolizumab for Treatment of Bladder Cancers,RECRUITING,2025-08-01,2028-08-07,Mayo Clinic,OTHER,Metastatic Bladder Urothelial Carcinoma; Metastatic Renal Pelvis and Ureter Urothelial Carcinoma; Refractory Bladder Urothelial Carcinoma; Refractory Renal Pelvis and Ureter Urothelial Carcinoma; Stage IV Bladder Cancer AJCC v7; Stage IV Renal Pelvis and Ureter Cancer AJCC v7,PHASE2,70.0,Best Practice; Biospecimen Collection; Central Venous Cannula Insertion; Computed Tomography; Enfortumab Vedotin; Magnetic Resonance Imaging; Pembrolizumab; Plasmapheresis; Positron Emission Tomography; Questionnaire Administration; Antibody-Drug Conjugate Therapy,Receive standard of care | Undergo collection of blood and urine samples | Undergo central line placement | Undergo CT or PET/CT | Given IV | Undergo MRI | Given IV | Undergo TPE | Undergo PET/CT | Ancillary studies | Given IV,Unknown/Not Specified
NCT04293562,A Study to Compare Standard Chemotherapy to Therapy With CPX-351 and/or Gilteritinib for Patients With Newly Diagnosed AML With or Without FLT3 Mutations,RECRUITING,2020-07-21,2029-06-30,Children's Oncology Group,NETWORK,Acute Myeloid Leukemia,PHASE3,1186.0,Allogeneic Hematopoietic Stem Cell Transplantation; Asparaginase Erwinia chrysanthemi; Biospecimen Collection; Bone Marrow Aspiration; Bone Marrow Biopsy; Computed Tomography; Cytarabine; Daunorubicin Hydrochloride; Dexrazoxane Hydrochloride; Etoposide; Fludeoxyglucose F-18; Gemtuzumab Ozogamicin; Gilteritinib Fumarate; Liposome-encapsulated Daunorubicin-Cytarabine; Magnetic Resonance Imaging; Methotrexate; Mitoxantrone Hydrochloride; Positron Emission Tomography; Questionnaire Administration; Therapeutic Hydrocortisone,Undergo allogeneic HSCT | Given IM or IV | Undergo blood sample collection | Undergo BM aspiration | BM biopsy | Undergo CT | Given IV or IT | Given IV | Given IV | Given IV | Undergo FDG-PET | Given IV | Given PO/NG/G-tube | Given IV | Undergo MRI | Given IT | Given IV | Undergo FDG-PET | Ancillary studies | Given IT,Unknown/Not Specified
NCT07113925,A Clinical Trial Evaluating TQB2101 in Subjects With Advanced Hematologic Malignancies,RECRUITING,2025-08-01,2028-06,"Chia Tai Tianqing Pharmaceutical Group Nanjing Shunxin Pharmaceutical Co., Ltd.",INDUSTRY,Advanced Hematologic Malignancies,PHASE1,114.0,TQB2101 for Injection,"TQB2101 for Injection is an ROR1 ADC, an antibody-drug conjugate. It consists of three main components: a ROR1 monoclonal antibody responsible for selectively recognizing the surface antigen of cancer cells, a small molecule toxin responsible for killing cancer cells, and a linker connecting the antibody and the small molecule toxin. It is intended for clinical use in the treatment of advanced malignant tumors, including advanced malignant hematological tumors.",ROR1
NCT04410224,Study of ASN004 in Patients With Advanced Solid Tumors,COMPLETED,2022-04-08,2024-05-08,Kirilys Therapeutics Inc.,INDUSTRY,Solid Tumor,PHASE1,19.0,ASN004,ASN004 is an antibody-drug conjugate for the treatment of advanced or metastatic solid tumors.,Unknown/Not Specified
NCT05143229,Alpelisib And Sacituzumab Govitecan For Treatment Of Breast Cancer,ACTIVE_NOT_RECRUITING,2022-03-28,2026-12,University of Kansas Medical Center,OTHER,Breast Cancer,PHASE1,18.0,Alpelisib; Sacituzumab govitecan,PI3K inhibitor | Trop-2-directed antibody and topoisomerase inhibitor drug conjugate,TROP2
NCT06311214,Personalized Antibody-Drug Conjugate Therapy Based on RNA and Protein Testing for the Treatment of Advanced or Metastatic Solid Tumors (The ADC MATCH Screening and Treatment Trial),RECRUITING,2025-03-18,2028-03-31,National Cancer Institute (NCI),NIH,Advanced Malignant Solid Neoplasm; Metastatic Malignant Solid Neoplasm,PHASE2,500.0,Biopsy Procedure; Biospecimen Collection; Computed Tomography; Echocardiography Test; Electronic Health Record Review; Enfortumab Vedotin; Immunohistochemistry Staining Method; Magnetic Resonance Imaging; Multigated Acquisition Scan; Sacituzumab Govitecan; Trastuzumab Deruxtecan,Undergo biopsy | Undergo collection of blood samples | Undergo CT | Undergo ECHO | Undergo review of SOC RNA testing results | Given IV | Undergo IHC assay | Undergo MRI | Undergo MUGA | Given IV | Given IV,Unknown/Not Specified
NCT06235216,Sacituzumab govitEcan in THYroid Cancers,RECRUITING,2024-09-13,2027-12,Grupo Espanol de Tumores Neuroendocrinos,OTHER,Differentiated Thyroid Cancer; Anaplastic Thyroid Cancer,PHASE2,42.0,Sacituzumab govitecan,Dose of 10 mg/kg intravenously,Unknown/Not Specified
NCT04381832,Adenosine Receptor Antagonist Combination Therapy for Metastatic Castrate Resistant Prostate Cancer,COMPLETED,2020-07-07,2024-08-30,"Arcus Biosciences, Inc.",INDUSTRY,"Prostatic Neoplasms, Castration-Resistant; Androgen-Resistant Prostatic Neoplasms; Castration Resistant Prostatic Neoplasms; Prostatic Cancer, Castration-Resistant",PHASE1; PHASE2,173.0,Etrumadenant; Zimberelimab; Quemliclustat; Enzalutamide; Docetaxel; SG,Etrumadenant is an A2aR and A2bR antagonist | Zimberelimab is an anti-PD-1 antibody | Quemliclustat is a Cluster of Differentiation (CD)73 Inhibitor. | Enzalutamide is an androgen receptor inhibitor | Docetaxel is type of chemotherapy | Sacituzumab govitecan is an antibody-drug conjugate,Unknown/Not Specified
NCT04924699,A Study of MRG002 in the Treatment of Patients With HER2-positive Unresectable Locally Advanced or Metastatic Breast Cancer,UNKNOWN,2021-06-30,2023-10,Shanghai Miracogen Inc.,INDUSTRY,Advanced Breast Cancer; Metastatic Breast Cancer,PHASE2; PHASE3,350.0,MRG002; Trastuzumab Emtansine for Injection,Administrated intravenously | Administrated intravenously,HER2
NCT07579598,ADC and SBRT for Recurrent/Metastatic Salivary Gland Carcinoma,NOT_YET_RECRUITING,2026-05-01,2027-12-12,Shanghai Ninth People's Hospital Affiliated to Shanghai Jiao Tong University,OTHER,Adenoid Cystic Carcinoma of the Head and Neck; SBRT; Antibody-drug Conjugates,PHASE2,40.0,Becotatug Vedotin; SBRT; Becotatug Vedotin or Sacituzumab Tirumotecan,"The initial dosage is 2.3 mg/kg, administered intravenously every three weeks per treatment cycle. A single dose reduction level (Level 1) to 2.0 mg/kg is permitted based on predefined criteria; the specific dose reduction scheme is detailed in the study protocol. | The specific SBRT dose and fractionation will be determined based on the lesion site and prior history of radiation therapy. The standard dose range for SBRT will be 14 Gy-36 Gy, administered over 4-6 fractions (for example, 3.7 Gy per fractionfor 4 fractions). Adjustments to the dose and fractionation schedule maybe made according to individual patient needs and prior treatments. | Becotatug Vedotin (MRG003): The initial dosage is 2.3 mg/kg, administered intravenously every three weeks per treatment cycle. A single dose reduction level (Level 1) to 2.0 mg/kg is permitted based on predefined criteria; the specific dose reduction scheme is detailed in the study protocol.

Sacituzumab Tirumotecan (SKB264): The initial dosage is 5 mg/kg, administered intravenously every two weeks. A single dose reduction level (Level 1) to 4 mg/kg is permitted based on predefined criteria; the specific dose reduction scheme is detailed in the study protocol.",Unknown/Not Specified
NCT06885645,First-In-Human Study in Participants With Advanced Solid Tumors,NOT_YET_RECRUITING,2025-04-30,2027-12-31,"Chengdu Kanghong Biotech Co., Ltd.",INDUSTRY,Advanced Solid Tumors,PHASE1,30.0,KH815 for injection,KH815 for injection is a dual-payload Antibody Drug Conjugate (ADC) targeting TROP2 antigens.,TROP2
NCT06429761,"Phase 4 Study to Assess the Safety of Trastuzumab Deruxtecan, in Indian Patients",RECRUITING,2025-01-02,2026-10-31,AstraZeneca,INDUSTRY,BREAST CANCER,PHASE4,100.0,Trastuzumab deruxtecan,IV infusion Trastuzumab deruxtecan will be administered at 5.4 mg/kg on day 1 of a 21 day cycle for 9 cycles.,Unknown/Not Specified
NCT04742153,A Study of MRG002 in the Treatment of Patients With HER2-low Locally Advanced or Metastatic Breast Cancer (BC),UNKNOWN,2021-05-13,2023-02,Shanghai Miracogen Inc.,INDUSTRY,Advanced or Metastatic Breast Cancer,PHASE2,66.0,MRG002,Administrated intravenously,HER2
NCT03057795,Nivolumab & Brentuximab Vedotin Consolidation After Autologous SCT in Patients With High-Risk Classical Hodgkin Lymphoma,ACTIVE_NOT_RECRUITING,2017-04-03,2027-02-25,City of Hope Medical Center,OTHER,Classic Hodgkin Lymphoma; Recurrent Hodgkin Lymphoma; Refractory Hodgkin Lymphoma,PHASE2,62.0,Brentuximab Vedotin; Laboratory Biomarker Analysis; Nivolumab,Given IV | Correlative studies | Given IV,Unknown/Not Specified
NCT06956690,"A Phase 1/2 Clinical Trial to Assess the Safety, Tolerability, Pharmacokinetics and Preliminary Efficacy of HMBD-501 in Patients With HER3-Expressing Solid Tumors",RECRUITING,2025-12-17,2027-07,Hummingbird Bioscience,INDUSTRY,Melanoma (Skin); Non Small Cell Lung Cancer; Breast Cancer,PHASE1; PHASE2,180.0,ENV-501,ENV-501 is a HER3-targeted antibody-drug conjugate (ADC) with a humanized monoclonal antibody (mAb) conjugated with a chemotherapeutic payload via a linker.,Unknown/Not Specified
NCT07467629,QLS5212 for Participants With Advanced Solid Tumors,RECRUITING,2026-05-11,2028-04-05,"Qilu Pharmaceutical Co., Ltd.",INDUSTRY,Solid Tumor Cancer,PHASE1,100.0,QLS5212,An anti-trophoblast glycoprotein antibody-drug conjugate,Unknown/Not Specified
NCT04795869,Brentuximab Vedotin and Pembrolizumab in Treating Patients With Recurrent Peripheral T-Cell Lymphoma,WITHDRAWN,2020-03-01,2029-03,Northwestern University,OTHER,"Recurrent Angioimmunoblastic T-Cell Lymphoma; Recurrent Enteropathy-Associated T-Cell Lymphoma; Recurrent Follicular T-Cell Lymphoma; Recurrent Hepatosplenic T-Cell Lymphoma; Recurrent Nodal Peripheral T-Cell Lymphoma With TFH Phenotype; Recurrent Peripheral T-Cell Lymphoma, Not Otherwise Specified; Recurrent Subcutaneous Panniculitis-Like T-Cell Lymphoma; Refractory Angioimmunoblastic T-Cell Lymphoma; Refractory Enteropathy-Associated T-Cell Lymphoma; Refractory Follicular T-Cell Lymphoma; Refractory Hepatosplenic T-Cell Lymphoma; Refractory Nodal Peripheral T-Cell Lymphoma With TFH Phenotype; Refractory Peripheral T-Cell Lymphoma, Not Otherwise Specified; Refractory Subcutaneous Panniculitis-Like T-Cell Lymphoma",PHASE2,0.0,Brentuximab Vedotin; Pembrolizumab,Given IV | Given IV,Unknown/Not Specified
NCT00947856,A Brentuximab Vedotin Trial for Patients Who Have Previously Participated in a Brentuximab Vedotin Study,COMPLETED,2009-07,2013-03,Seagen Inc.,INDUSTRY,"Disease, Hodgkin; Lymphoma, Large-Cell, Anaplastic; Lymphoma, Non-Hodgkin",PHASE2,110.0,brentuximab vedotin,"Every 3 weeks by IV infusion (1.2 or 1.8 mg/kg) until disease progression, unacceptable toxicity, or study closure",Unknown/Not Specified
NCT05426486,A Study of ARX788 Combined With Pyrotinib Maleate Versus TCBHP (Trastuzumab Plus Pertuzumab With Docetaxel and Carboplatin) as Neoadjuvant Treatment in HER2-positive Breast Cancer Patients,ACTIVE_NOT_RECRUITING,2022-05-23,2028-12-30,Caigang Liu,OTHER,HER2-positive Breast Cancer,PHASE2; PHASE3,136.0,ARX788; Pyrotinib maleate; Trastuzumab; Pertuzumab; Docetaxel; Carboplatin,HER2 antibody-drug conjugate | EGFR/HER2 dual inhibitor | anti-Her2 monoclonal antibody | anti-HER2 monoclonal antibody | Cytotoxic chemotherapy | Cytotoxic chemotherapy,EGFR; HER2
NCT06868654,"China Subpopulation: Evaluation of Efficacy and Safety of Belantamab Mafodotin, Bortezomib and Dexamethasone Versus Daratumumab, Bortezomib and Dexamethasone in Participants With Relapsed/Refractory Multiple Myeloma",ACTIVE_NOT_RECRUITING,2021-07-28,2028-06-30,GlaxoSmithKline,INDUSTRY,Multiple Myeloma,PHASE3,72.0,Belantamab mafodotin; Daratumumab; Bortezomib; Dexamethasone,Humanized anti-B-cell maturation antigen (BCMA) antibody/drug conjugate | Anti-cluster of differentiation 38 \[CD-38\] monoclonal antibody | Proteasome Inhibitor | Synthetic glucocorticoid with anti-tumor activity,BCMA
NCT06561607,A Clinical Trial to Evaluate the Efficacy and Safety of TQB2102 for Injection Versus Investigator-Selected Chemotherapy in HER2 Low-Expressing Recurrent/Metastatic Breast Cancer,NOT_YET_RECRUITING,2024-08,2028-12,"Chia Tai Tianqing Pharmaceutical Group Co., Ltd.",INDUSTRY,Breast Cancer,PHASE3,542.0,TQB2102 for Injection; Chemotherapy drug (Capecitabine/Paclitaxel/Albumin Paclitaxel),"TQB2102 is a next-generation HER2 Antibody-Drug Conjugate (ADC) drug proposed for patients with HER2 low-expressing breast cancer. | Based on each patient's condition and previous treatment history, the investigator will select one of the chemotherapy drugs for treatment.

* Capecitabine: 1000-1250 mg/m2 twice daily, administered consecutively on day 1-14, 21 days as a treatment cycle.
* Paclitaxel: 175 mg/m2, IV infusion, administered Day1 per cycle, 21 days as a treatment cycle. OR 80 mg/m2 by IV infusion administered weekly.
* Albumin Paclitaxel: 260 mg/m2, IV infusion, administered every cycle of Day1 for 21 days as a treatment cycle. 100 mg/m2 or 125 mg/m2, IV infusion, administered every cycle of Day 1 and Day 8 for 21 days as a treatment cycle; or Day 1, Day 8, and Day 15 administered every cycle for 28 days as a treatment cycle.",HER2
NCT07428044,A Study of Trastuzumab Deruxtecan in People With Non-Small Cell Lung Cancer,RECRUITING,2026-02-13,2027-02-13,Memorial Sloan Kettering Cancer Center,OTHER,Non-Small Cell Lung Cancer; Non-small Cell Lung Cancer Stage II; Non-Small Cell Lung Cancer Stage IIIA; Non-Small Cell Lung Cancer Stage IIIB,PHASE2,14.0,Trastuzumab Deruxtecan,"Trastuzumab deruxtecan (T-DXd, fam-trastuzumab deruxtecan-nxki) is a novel HER2- targeting antibody-drug conjugate (ADC).",HER2
NCT07365995,A Phase III Trial of BNT324 Versus Docetaxel in Metastatic Castration-resistant Prostate Cancer,RECRUITING,2026-04-22,2031-02,BioNTech SE,INDUSTRY,Metastatic Castration-resistant Prostate Cancer,PHASE3,736.0,BNT324; Docetaxel; Prednisone/prednisolone,Intravenous infusion | Intravenous infusion | Oral,Unknown/Not Specified
NCT07661797,Phase I Clinical Study of LNF2105 in Patients With Advanced Solid Tumors,NOT_YET_RECRUITING,2026-06,2028-08,"Shandong New Time Pharmaceutical Co., LTD",INDUSTRY,Patients With Advanced Solid Tumors,PHASE1,294.0,LNF2105(Antibody-Drug Conjugate (ADC) targeting Nectin-4),"The dosage of LNF2105 was increased sequentially from 0.3 mg/kg, 0.6 mg/kg, 1.2 mg/kg, 2.0 mg/kg, 3.0 mg/kg, to 4.5 mg/kg.",Unknown/Not Specified
NCT05865990,HER3-DXd in Breast Cancer and NSCLC Brain Metastases and Solid Tumor Leptomeningeal Disease,COMPLETED,2023-11-24,2026-04-03,MedSIR,OTHER,"Metastatic Breast Cancer; Advanced Non-Small Cell Squamous Lung Cancer; Solid Tumor, Adult",PHASE2,63.0,Patritumab deruxtecan,"HER3 directed antibody drug conjugate (ADC) that is comprised of a fully human anti-HER3 immunoglobulin gamma-1 (IgG1) monoclonal antibody attached to a topoisomerase I inhibitor payload (an exatecan derivative, DXd) via a stable tetrapeptide-based cleavable linker.",Unknown/Not Specified
NCT04132960,"Study of DS-8201a, an Antibody Drug Conjugate for Advanced Breast Cancer Patients, With Biomarkers Analysis",COMPLETED,2019-10-21,2024-12-26,UNICANCER,OTHER,Breast Tumors,PHASE2,186.0,DS-8201a,Anti-HER2-antibody drug conjugate (ADC),HER2
NCT05123482,"A Phase I/IIa Study of AZD8205 Given Alone or Combined, in Participants With Advanced/Metastatic Solid Malignancies",RECRUITING,2021-10-18,2027-09-29,AstraZeneca,INDUSTRY,Breast Cancer; Biliary Tract Carcinoma; Ovarian Cancer; Endometrial Cancer; Squamous Non-Small Cell Lung Cancer,PHASE1; PHASE2,460.0,AZD8205; AZD8205 and AZD2936 (Rilvegostomig); AZD8205 and AZD5305 (saruparib); AZD8205 and AZD5305 (saruparib) and AZD2936 (rilvegostomig); AZD8205 in combination with AZD9574; AZD8205 in combination with AZD9574 plus rilvegostomig (AZD2936),"AZD8205 is an antibody drug conjugate that has the potential to treat a wide variety of solid tumors including but not limited to breast cancer, Biliary Tract Cancer, ovarian, endometrial cancers and squamous non-small cell lung cancers. | AZD8205 is an antibody drug conjugate that has the potential to treat a wide variety of solid tumors including but not limited to breast cancer, Biliary Tract Cancer, ovarian, endometrial cancers and squamous non-small cell lung cancers.

Rilvegostomig is a bispecific antibody that specifically binds to human TIGIT and PD-1 and is a potential anticancer therapy in patients with advanced or metastatic solid tumors. | AZD8205 is an antibody drug conjugate that has the potential to treat a wide variety of solid tumors including but not limited to breast cancer, Biliary Tract Cancer, ovarian, endometrial and squamous non-small cell lung cancers.

Saruparib is a PARP inhibitor that stops the PARP protein from doing its repair work in damaged cancer cells, resulting in cell death, and is a potential anticancer therapy in patients with advanced or metastatic solid tumors. | AZD8205 is an antibody drug conjugate that has the potential to treat a wide variety of solid tumors including but not limited to breast cancer, Biliary Tract Cancer, ovarian, endometrial and squamous non-small cell lung cancers.

Saruparib is a PARP inhibitor that stops the PARP protein from doing its repair work in damaged cancer cells, resulting in cell death, and is a potential anticancer therapy in patients with advanced or metastatic solid tumors.

Rilvegostomig is a bispecific antibody that specifically binds to human TIGIT and PD-1 and is a potential anticancer therapy in patients with advanced or metastatic solid tumors. | AZD8205 is an antibody drug conjugate that has the potential to treat a wide variety of solid tumors including but not limited to breast cancer, Biliary Tract Cancer, ovarian, endometrial and squamous non-small cell lung cancers.

AZD9574 is a PARP inhibitor that stops the PARP protein from doing its repair work in damaged cancer cells, resulting in cell death, and is a potential anticancer therapy in patients with advanced or metastatic solid tumors. | AZD8205 is an antibody drug conjugate that has the potential to treat a wide variety of solid tumors including but not limited to breast cancer, Biliary Tract Cancer, ovarian, endometrial and squamous non-small cell lung cancers.

AZD9574 is a PARP inhibitor that stops the PARP protein from doing its repair work in damaged cancer cells, resulting in cell death, and is a potential anticancer therapy in patients with advanced or metastatic solid tumors.

Rilvegostomig is a bispecific antibody that specifically binds to human TIGIT and PD-1 and is a potential anticancer therapy in patients with advanced or metastatic solid tumors.",Unknown/Not Specified
NCT06219941,AZD0901 in Participants With Advanced Solid Tumours Expressing Claudin18.2,RECRUITING,2023-12-13,2027-09-30,AstraZeneca,INDUSTRY,Gastric Cancer; Gastroesophageal Junction Cancer; Biliary Tract Cancer; Pancreatic Ductal Adenocarcinoma,PHASE2,224.0,AZD0901; 5-Fluorouracil; Leucovorin; l-leucovorin; Irinotecan; Nanoliposomal Irinotecan; Gemcitabine,Antibody-drug conjugate/Biologic | Chemotherapy agents | Chemotherapy agents | Chemotherapy agents | Chemotherapy agents | Chemotherapy agents | Chemotherapy agents,Claudin18.2
